Date,Home Team,Home Score,Away Team,Away Score
2017-08-15,Ft. Zumwalt East,0,Ft. Zumwalt West,2
2017-08-15,Ft. Zumwalt North,1,Ft. Zumwalt West,1
2017-08-15,Ft. Zumwalt South,0,Ft. Zumwalt West,2
2017-08-17,Clearwater,2,Ellington,0
2017-08-17,Puxico,1,Ellington,1
2017-08-17,Greenville,2,Ellington,0
2017-08-17,Clearwater,2,Greenville,0
2017-08-17,Puxico,0,Greenville,2
2017-08-17,Herculaneum,0,Hillsboro,2
2017-08-17,Jefferson (Festus),0,Hillsboro,2
2017-08-17,Clearwater,1,Puxico,1
2017-08-18,Chamois,0,Belle,2
2017-08-18,Niangua,2,Bradleyville,0
2017-08-18,Sarcoxie,0,Bunceton,2
2017-08-18,Valley,2,Bunker,0
2017-08-18,Valley Park,2,Cardinal Ritter,0
2017-08-18,Hancock,2,Cleveland NJROTC,0
2017-08-18,Hazelwood West,0,Ft. Zumwalt South,2
2017-08-18,Bloomfield,2,Greenville,0
2017-08-18,Portageville,2,Holcomb,0
2017-08-18,Ladue Horton Watkins,2,Pattonville,0
2017-08-18,Zalma,2,South Iron,1
2017-08-18,Cor Jesu Academy,1,Villa Duchesne,1
2017-08-18,St. Joseph's Academy,2,Villa Duchesne,0
2017-08-18,Marquette,2,Washington,0
2017-08-18,Glendale,2,Waynesville,0
2017-08-18,Rockwood Summit,0,Webster Groves,2
2017-08-18,Battle,2,Wright City,1
2017-08-19,Rich Hill,0,Adrian,2
2017-08-19,Midway,2,Adrian,0
2017-08-19,Hazelwood Central,0,Affton,2
2017-08-19,Mehlville,2,Affton,0
2017-08-19,St. Pius X (Festus),2,Affton,0
2017-08-19,Clayton,0,Affton,2
2017-08-19,Windsor (Imperial),2,Affton,1
2017-08-19,Drexel,2,Archie,1
2017-08-19,Osceola,2,Archie,0
2017-08-19,Lakeland,1,Archie,2
2017-08-19,Hazelwood Central,2,Clayton,0
2017-08-19,Pacific,2,Clayton,0
2017-08-19,Windsor (Imperial),2,Clayton,0
2017-08-19,Windsor,2,Clayton,0
2017-08-19,Pacific,1,DeSoto,1
2017-08-19,Mehlville,2,DeSoto,0
2017-08-19,Clayton,0,DeSoto,2
2017-08-19,Windsor (Imperial),0,DeSoto,2
2017-08-19,Rich Hill,1,Drexel,2
2017-08-19,St. Pius X (Festus),2,Hazelwood Central,0
2017-08-19,Mehlville,2,Hazelwood Central,0
2017-08-19,Windsor,2,Hazelwood Central,0
2017-08-19,Windsor (Imperial),2,Hazelwood Central,0
2017-08-19,Midway,2,Lakeland,0
2017-08-19,St. Pius X (Festus),2,Mehlville,0
2017-08-19,Osceola,1,Midway,2
2017-08-19,Windsor (Imperial),1,Pacific,1
2017-08-19,St. Pius X (Festus),2,Pacific,0
2017-08-19,Marquette,2,Washington,0
2017-08-21,Seneca,0,Advance,2
2017-08-21,Fox,2,Affton,1
2017-08-21,Dexter,2,Arcadia Valley,0
2017-08-21,Meadow Heights,2,Bell City,0
2017-08-21,Oak Ridge,2,Bell City,0
2017-08-21,Zalma,2,Bell City,0
2017-08-21,Saxony Lutheran,2,Bell City,0
2017-08-21,Pierce City,1,Billings,2
2017-08-21,St. Clair,2,Bourbon,0
2017-08-21,Winfield,2,Bowling Green,0
2017-08-21,Republic,2,Camdenton,0
2017-08-21,Trenton,0,Cameron,2
2017-08-21,Lutheran St. Charles,2,Cardinal Ritter,0
2017-08-21,Aurora,0,Carl Junction,2
2017-08-21,Southland,0,Caruthersville,2
2017-08-21,Eugene,3,Chamois,0
2017-08-21,Cooter,2,Charleston,1
2017-08-21,Senath-Hornersville,2,Clarkton,0
2017-08-21,Mountain Grove,2,Conway,0
2017-08-21,Tipton,0,Eldon,2
2017-08-21,Golden City,2,Exeter,0
2017-08-21,Hickman,0,Fatima,2
2017-08-21,Marquette,0,Francis Howell,2
2017-08-21,Brookfield,0,Hallsville,2
2017-08-21,Montgomery County,0,Hermann,2
2017-08-21,Francis Howell Central,2,Holt,1
2017-08-21,Oran,0,Kennett,2
2017-08-21,Parkway South,0,Kirkwood,2
2017-08-21,Branson,0,Lebanon,2
2017-08-21,St. Teresa's Academy,2,Lee's Summit North,0
2017-08-21,Wellington-Napoleon,1,Lexington,2
2017-08-21,Pleasant Hill,2,Liberty,1
2017-08-21,Zalma,1,Meadow Heights,1
2017-08-21,Oak Ridge,1,Meadow Heights,1
2017-08-21,Lutheran North,0,Metro,0
2017-08-21,Southern Boone,2,Mexico,0
2017-08-21,St. Joseph's Academy,2,New Haven,0
2017-08-21,School of the Ozarks,2,Niangua,0
2017-08-21,Sarcoxie,0,North Callaway,2
2017-08-21,Zalma,0,Oak Ridge,2
2017-08-21,Center,0,Odessa,2
2017-08-21,Dixon,0,Osage,2
2017-08-21,Campbell,2,Portageville,1
2017-08-21,Bernie,2,Richland (Essex),0
2017-08-21,Rolla,2,Salem,0
2017-08-21,Central (Cape Girardeau),0,Sikeston,2
2017-08-21,Ava,1,Union,2
2017-08-21,Park Hill South,2,Staley,1
2017-08-21,St. James,0,Warsaw,2
2017-08-21,Summersville,0,St. Clair,2
2017-08-21,Clinton,0,Warsaw,2
2017-08-21,Skyline,2,Windsor,1
2017-08-22,Ballard,0,Archie,2
2017-08-22,Miller,2,Ash Grove,1
2017-08-22,Neosho,0,Aurora,2
2017-08-22,Metro,2,Bayless,0
2017-08-22,Valley Park,1,Bayless,1
2017-08-22,Principia,0,Bayless,2
2017-08-22,Ruskin,0,Belton,2
2017-08-22,Mid-Buchanan,1,Bishop LeBlond,2
2017-08-22,Linn,0,Blair Oaks,2
2017-08-22,Cassville,2,Blue Eye,1
2017-08-22,Oak Park,0,Blue Springs,2
2017-08-22,St. Clair,2,Bourbon,0
2017-08-22,Warrenton,2,Bowling Green,0
2017-08-22,Wright City,2,Bunker,0
2017-08-22,Warsaw,0,California,2
2017-08-22,Belle,0,Calvary Lutheran,2
2017-08-22,Joplin,0,Carl Junction,2
2017-08-22,Seneca,0,Carthage,2
2017-08-22,Arcadia Valley,2,Central (Park Hills),1
2017-08-22,Fulton,1,Centralia,2
2017-08-22,Caruthersville,2,Charleston,0
2017-08-22,Cooter,2,Clarkton,1
2017-08-22,Versailles,2,Clinton,0
2017-08-22,Pierce City,1,Crane,2
2017-08-22,Smithton,0,Crest Ridge,2
2017-08-22,Gateway Science Charter,0,Crossroads College Preparatory,2
2017-08-22,Bismarck,0,DeSoto,2
2017-08-22,Monett,0,Diamond,2
2017-08-22,Lutheran (Kansas City),1,Drexel,2
2017-08-22,Purdy,0,East Newton,2
2017-08-22,Butler,2,El Dorado Springs,0
2017-08-22,Camdenton,2,Eldon,0
2017-08-22,West County,2,Ellington,0
2017-08-22,Clearwater,0,Eminence,2
2017-08-22,Lockwood,2,Everton,0
2017-08-22,Richmond,0,Excelsior Springs,2
2017-08-22,Sacred Heart,2,Father Tolton,0
2017-08-22,Chamois,0,Fatima,3
2017-08-22,Ste. Genevieve,2,Festus,0
2017-08-22,Raytown,0,Fort Osage,2
2017-08-22,Herculaneum,2,Fredericktown,1
2017-08-22,Francis Howell North,2,Ft. Zumwalt East,1
2017-08-22,St. Charles,0,Ft. Zumwalt North,2
2017-08-22,Bradleyville,0,Galena,2
2017-08-22,Ozark,2,Glendale,0
2017-08-22,Blue Springs South,3,Grain Valley,1
2017-08-22,Saxony Lutheran,2,Greenville,0
2017-08-22,Woodland,2,Greenville,0
2017-08-22,Leopold,2,Greenville,0
2017-08-22,Gateway Science Charter,1,Hancock,1
2017-08-22,Crossroads College Preparatory,2,Hancock,0
2017-08-22,Cole Camp,2,Holden,1
2017-08-22,Ft. Zumwalt West,2,Holt,1
2017-08-22,Licking,2,Houston,0
2017-08-22,Verona,0,Hurley,2
2017-08-22,St. Vincent,1,Jackson,2
2017-08-22,Rock Bridge,1,Jefferson City,2
2017-08-22,Hazelwood Central,0,John Burroughs,2
2017-08-22,Campbell,1,Kennett,2
2017-08-22,Viburnum,2,Kingston,0
2017-08-22,Windsor,2,Kingsville,0
2017-08-22,Bunceton,0,La Monte,2
2017-08-22,Westminster Christian Academy,0,Ladue Horton Watkins,2
2017-08-22,Lone Jack,2,Lafayette County,0
2017-08-22,Northeast Vernon County,2,Lakeland,1
2017-08-22,Trenton,1,Lawson,2
2017-08-22,Lee's Summit West,2,Lee's Summit,0
2017-08-22,Saxony Lutheran,2,Leopold,0
2017-08-22,Woodland,1,Leopold,1
2017-08-22,Platte County,0,Liberty,2
2017-08-22,Northeast (Kansas City),0,Lincoln College Prep,2
2017-08-22,Kickapoo,2,Logan-Rogersville,1
2017-08-22,Springfield Catholic,0,Lutheran South,2
2017-08-22,Hayti,0,Malden,2
2017-08-22,Hancock,0,Maplewood-Richmond Hts.,2
2017-08-22,Gateway Science Charter,0,Maplewood-Richmond Hts.,2
2017-08-22,Crossroads College Preparatory,0,Maplewood-Richmond Hts.,2
2017-08-22,Clever,2,Marionville,0
2017-08-22,Kirksville,2,Marshall,1
2017-08-22,Lebanon,2,Marshfield,1
2017-08-22,East Buchanan,0,Maryville,2
2017-08-22,Principia,0,Metro,2
2017-08-22,Valley Park,0,Metro,2
2017-08-22,Barstow,0,Midway,2
2017-08-22,Reeds Spring,2,Mt. Vernon,1
2017-08-22,Cuba,0,New Haven,2
2017-08-22,Billings,1,New Heights Christian,2
2017-08-22,St. Pius X (Festus),2,North County,0
2017-08-22,Park Hill South,2,North Kansas City,0
2017-08-22,Summersville,0,North Pemiscot,2
2017-08-22,St. Michael the Archangel,1,Oak Grove,2
2017-08-22,Warrensburg,2,Odessa,0
2017-08-22,Bolivar,2,Osceola,1
2017-08-22,Farmington,1,Pacific,2
2017-08-22,Winnetonka,0,Park Hill,2
2017-08-22,Central (Springfield),2,Parkview,0
2017-08-22,Rockwood Summit,2,Parkway North,0
2017-08-22,Valle Catholic,2,Perryville,0
2017-08-22,Puxico,0,Poplar Bluff,2
2017-08-22,Senath-Hornersville,0,Portageville,2
2017-08-22,Pleasant Hill,0,Raymore-Peculiar,0
2017-08-22,Miami (Amoret),0,Rich Hill,2
2017-08-22,McCluer North,0,Ritenour,2
2017-08-22,Carrollton,0,Santa Fe,2
2017-08-22,Grandview (Hillsboro),2,Seneca,0
2017-08-22,Jefferson (Festus),2,Seckman,0
2017-08-22,Bernie,2,Sikeston,0
2017-08-22,St. Pius X (Kansas City),2,Sparta,0
2017-08-22,North Platte,0,St. James,2
2017-08-22,Boonville,2,Southern Boone,1
2017-08-22,Holcomb,2,Southland,1
2017-08-22,Forsyth,1,Union,2
2017-08-22,Ava,0,Springfield Catholic,2
2017-08-22,Salem,2,St. James,1
2017-08-22,Knob Noster,0,St. Paul Lutheran (Concordia),2
2017-08-22,South Iron,0,St. Paul Lutheran (Farmington),2
2017-08-22,Osage,2,Willard,0
2017-08-22,Spokane,0,Winona,2
2017-08-22,Lathrop,0,Summit Christian Academy,2
2017-08-22,Koshkonong,0,Thayer,2
2017-08-22,Greenfield,2,Thomas Jefferson Independent Day,1
2017-08-22,Oakville,1,Timberland,2
2017-08-22,Hazelwood West,0,Trinity Catholic,2
2017-08-22,Liberty (Wentzville),2,Troy Buchanan,0
2017-08-22,Richland (Essex),0,St. Clair,2
2017-08-22,Potosi,1,Union,2
2017-08-22,Lesterville,2,Valley,0
2017-08-22,Principia,2,Valley Park,0
2017-08-22,East (Kansas City),0,Versailles,2
2017-08-22,Francis Howell Central,0,Washington,2
2017-08-22,Helias Catholic,2,Waynesville,0
2017-08-22,Northwest (Cedar Hill),2,Webster Groves,0
2017-08-22,Chadwick,0,Wheaton,2
2017-08-22,Liberty (Mountain View),0,Willard,2
2017-08-22,St. Charles,2,William Chrisman,0
2017-08-22,Hillcrest,2,Willow Springs,1
2017-08-22,Ft. Zumwalt South,1,Winfield,2
2017-08-22,Saxony Lutheran,2,Woodland,0
2017-08-22,Veritas Christian Academy,2,Wright City,0
2017-08-23,Gateway Science Charter,1,Bayless,2
2017-08-23,Kearney,0,Blue Springs South,3
2017-08-23,Principia,0,Crossroads College Preparatory,2
2017-08-23,Pacific,2,Fox,1
2017-08-23,St. Charles West,1,Ft. Zumwalt North,2
2017-08-23,Woodland,2,Greenville,0
2017-08-23,Saxony Lutheran,2,Greenville,0
2017-08-23,Leopold,2,Greenville,0
2017-08-23,Principia,0,Hancock,2
2017-08-23,Pattonville,2,Hazelwood Central,0
2017-08-23,John Burroughs,0,Ladue Horton Watkins,2
2017-08-23,St. Teresa's Academy,2,Lafayette (St. Joseph),0
2017-08-23,South Harrison,0,Lathrop,2
2017-08-23,Ursuline Academy,2,Lindbergh,1
2017-08-23,Valley Park,0,Maplewood-Richmond Hts.,2
2017-08-23,Kirkwood,0,Marquette,2
2017-08-23,Hancock,0,Metro,2
2017-08-23,Sikeston,0,Notre Dame (Cape Girardeau),2
2017-08-23,Lutheran South,2,Notre Dame (St. Louis),0
2017-08-23,Villa Duchesne,2,Oakville,0
2017-08-23,Wright City,1,Orchard Farm,2
2017-08-23,Hazelwood West,0,Parkway Central,2
2017-08-23,Parkway North,0,Parkway South,2
2017-08-23,Hillsboro,2,Potosi,0
2017-08-23,McCluer South-Berkeley,2,Riverview Gardens,1
2017-08-23,Eureka,2,Rockwood Summit,0
2017-08-23,Lee's Summit West,2,Staley,1
2017-08-23,Gateway Science Charter,0,Valley Park,2
2017-08-23,Montgomery County,0,Warrenton,2
2017-08-23,Incarnate Word Academy,2,Westminster Christian Academy,0
2017-08-23,Liberty North,0,Winnetonka,2
2017-08-24,Greenfield,0,Ash Grove,2
2017-08-24,Spokane,2,Ava,0
2017-08-24,Holden,0,Barstow,2
2017-08-24,Maplewood-Richmond Hts.,2,Bayless,1
2017-08-24,Crossroads College Preparatory,1,Bayless,2
2017-08-24,Saxony Lutheran,2,Bell City,0
2017-08-24,New Haven,2,Belle,0
2017-08-24,St. James,0,Benton,2
2017-08-24,North Platte,0,Bishop LeBlond,2
2017-08-24,Crystal City,0,Bismarck,2
2017-08-24,Osage,0,Blair Oaks,2
2017-08-24,Wright City,2,Bowling Green,1
2017-08-24,School of the Ozarks,2,Bradleyville,0
2017-08-24,Buffalo,0,Branson,2
2017-08-24,Sheldon,0,Bronaugh,2
2017-08-24,Centralia,2,Brookfield,0
2017-08-24,Hallsville,2,Bunceton,0
2017-08-24,Midway,0,Butler,2
2017-08-24,Lakeland,2,Calhoun,0
2017-08-24,Boonville,0,California,2
2017-08-24,Lawson,2,Cameron,0
2017-08-24,McCluer South-Berkeley,1,Cardinal Ritter,1
2017-08-24,McKinley Classical Leadership,1,Carnahan,2
2017-08-24,Nevada,2,Cassville,1
2017-08-24,Perryville,2,Central (Cape Girardeau),0
2017-08-24,Hayti,0,Central (New Madrid County),2
2017-08-24,Kennett,2,Charleston,0
2017-08-24,Trenton,0,Chillicothe,2
2017-08-24,Ritenour,2,Clayton,0
2017-08-24,Collegiate School of Med-Bio Science,1,Cleveland NJROTC,2
2017-08-24,Fair Grove,2,Clever,0
2017-08-24,Bolivar,2,Clinton,0
2017-08-24,Campbell,2,Cooter,0
2017-08-24,Lindbergh,0,Cor Jesu Academy,2
2017-08-24,Fordland,2,Crane,0
2017-08-24,Jackson,0,Dexter,2
2017-08-24,Rich Hill,1,Drexel,2
2017-08-24,St. Joseph's Academy,2,Duchesne,1
2017-08-24,Warsaw,0,Eldon,2
2017-08-24,Clearwater,2,Ellington,1
2017-08-24,Father Tolton,0,Eugene,2
2017-08-24,Pleasant Hope,2,Everton,0
2017-08-24,Notre Dame (Cape Girardeau),0,Farmington,2
2017-08-24,Ste. Genevieve,2,Fox,0
2017-08-24,Troy Buchanan,0,Francis Howell,2
2017-08-24,Ft. Zumwalt West,2,Francis Howell North,0
2017-08-24,South Iron,0,Fredericktown,2
2017-08-24,Washington,2,Ft. Zumwalt East,0
2017-08-24,Marshall,0,Fulton,2
2017-08-24,Ruskin,0,Grandview,2
2017-08-24,Oak Ridge,2,Greenville,1
2017-08-24,Valley Park,1,Hancock,2
2017-08-24,Webb City,2,Harrisonville,0
2017-08-24,Fatima,0,Helias Catholic,2
2017-08-24,Jefferson City,2,Hermann,0
2017-08-24,Rolla,0,Hickman,2
2017-08-24,Northwest (Cedar Hill),2,Hillsboro,0
2017-08-24,Mt. Vernon,1,Hollister,2
2017-08-24,Ft. Zumwalt North,1,Holt,2
2017-08-24,Cuba,2,Houston,0
2017-08-24,Archie,2,Hume,1
2017-08-24,Neosho,0,Joplin,2
2017-08-24,Bourbon,1,Kingston,2
2017-08-24,Mexico,2,Kirksville,1
2017-08-24,Liberty,0,Lee's Summit,2
2017-08-24,Zalma,0,Leopold,2
2017-08-24,Woodland,2,Leopold,1
2017-08-24,Arcadia Valley,2,Lesterville,1
2017-08-24,Ft. Zumwalt South,0,Liberty (Wentzville),2
2017-08-24,North Kansas City,0,Liberty North,2
2017-08-24,Winona,2,Licking,0
2017-08-24,Owensville,2,Linn,0
2017-08-24,Versailles,0,Lone Jack,2
2017-08-24,Rich Hill,1,Lutheran (Kansas City),2
2017-08-24,Summersville,0,Malden,2
2017-08-24,Metro,0,Maplewood-Richmond Hts.,2
2017-08-24,Jasper,2,McAuley Catholic,0
2017-08-24,Diamond,2,McDonald County,1
2017-08-24,Woodland,2,Meadow Heights,0
2017-08-24,Crossroads College Preparatory,0,Metro,2
2017-08-24,Chilhowee,0,Miami (Amoret),2
2017-08-24,Waynesville,0,Miller Career Academy,2
2017-08-24,Central (Springfield),2,Monett,0
2017-08-24,North Callaway,0,Montgomery County,2
2017-08-24,Logan-Rogersville,2,Mountain Grove,0
2017-08-24,Lockwood,0,New Heights Christian,2
2017-08-24,Galena,2,Niangua,0
2017-08-24,Glendale,0,Nixa,2
2017-08-24,Rock Port,2,Nodaway-Holt,0
2017-08-24,St. Joseph Christian,2,Nodaway-Holt,0
2017-08-24,DeSoto,2,North County,0
2017-08-24,Holcomb,0,North Pemiscot,2
2017-08-24,Lutheran North,0,Notre Dame (St. Louis),2
2017-08-24,Adrian,0,Notre Dame de Sion,2
2017-08-24,William Chrisman,0,Oak Grove,2
2017-08-24,Park Hill,3,Oak Park,1
2017-08-24,El Dorado Springs,0,Osceola,2
2017-08-24,Seckman,1,Pacific,2
2017-08-24,Lee's Summit North,0,Park Hill South,2
2017-08-24,St. Pius X (Kansas City),2,Pembroke Hill,0
2017-08-24,Plattsburg,2,Penney,1
2017-08-24,Staley,2,Platte County,0
2017-08-24,St. Clair,2,Potosi,0
2017-08-24,Belton,0,Raymore-Peculiar,2
2017-08-24,Seneca,1,Reeds Spring,2
2017-08-24,Kickapoo,2,Republic,0
2017-08-24,St. Joseph Christian,2,Rock Port,0
2017-08-24,Soldan International Studies,2,Roosevelt,1
2017-08-24,Crest Ridge,0,Sacred Heart,2
2017-08-24,Bunker,0,Salem,2
2017-08-24,Pierce City,0,Sarcoxie,2
2017-08-24,Central (St. Joseph),2,Savannah,0
2017-08-24,Knob Noster,1,Sherwood,2
2017-08-24,Lincoln,0,Skyline,2
2017-08-24,Odessa,0,Savannah,2
2017-08-24,Concordia,1,Smithton,2
2017-08-24,Center,0,Sparta,2
2017-08-24,Maryville,2,South Harrison,0
2017-08-24,Marionville,1,Southwest (Washburn),2
2017-08-24,Parkview,0,Springfield Catholic,2
2017-08-24,Lafayette (St. Joseph),0,St. Michael the Archangel,2
2017-08-24,Lafayette County,0,St. Paul Lutheran (Concordia),2
2017-08-24,Windsor (Imperial),0,St. Vincent,2
2017-08-24,Lamar,2,Stockton,0
2017-08-24,Forsyth,0,Winona,2
2017-08-24,Thayer,0,Wright City,2
2017-08-24,Miller,2,Thomas Jefferson Independent Day,0
2017-08-24,Francis Howell Central,0,Timberland,2
2017-08-24,West Plains,2,Transportation and Law,1
2017-08-24,Bishop DuBourg,2,Trinity Catholic,0
2017-08-24,Blue Springs,2,St. Charles,0
2017-08-24,Summit Christian Academy,3,University Academy Charter,0
2017-08-24,Central (Park Hills),0,Valle Catholic,2
2017-08-24,St. Paul Lutheran (Farmington),0,Valley,2
2017-08-24,Golden City,0,Verona,2
2017-08-24,Tipton,1,Versailles,2
2017-08-24,Eminence,2,Viburnum,0
2017-08-24,Nerinx Hall,2,Villa Duchesne,0
2017-08-24,Cor Jesu Academy,2,Visitation Academy,0
2017-08-24,Grain Valley,2,Warrensburg,0
2017-08-24,Marshfield,2,Waynesville,0
2017-08-24,Carrollton,0,Wellington-Napoleon,2
2017-08-24,Herculaneum,2,West County,0
2017-08-24,Liberty (Mountain View),0,West Plains,2
2017-08-24,Orrick,2,West Platte,0
2017-08-24,Brentwood,0,Whitfield,2
2017-08-24,Hillcrest,0,Willard,2
2017-08-24,St. Charles West,0,Winfield,2
2017-08-25,Plato,2,Conway,0
2017-08-25,MICDS,0,Duchesne,2
2017-08-25,Chadwick,0,Fordland,2
2017-08-25,Oakville,0,Francis Howell,2
2017-08-25,Oak Ridge,2,Greenville,1
2017-08-25,Webster Groves,2,Hazelwood Central,0
2017-08-25,Delta (Deering),2,Holcomb,0
2017-08-25,Niangua,0,Hurley,2
2017-08-25,Woodland,2,Leopold,1
2017-08-25,Oak Ridge,1,Leopold,2
2017-08-25,University City,0,McCluer North,2
2017-08-25,Gateway,0,Metro,2
2017-08-25,Saxony Lutheran,2,Oak Ridge,1
2017-08-25,Marquette,2,Parkway Central,1
2017-08-25,Parkway North,0,Parkway West,2
2017-08-25,Advance,2,Richland (Essex),0
2017-08-25,St. Dominic,2,Springfield Catholic,0
2017-08-25,Billings,2,School of the Ozarks,0
2017-08-25,Southland,1,Senath-Hornersville,2
2017-08-25,Wheaton,2,Sheldon,0
2017-08-25,Dixon,0,Warsaw,2
2017-08-25,Eugene,2,Willard,0
2017-08-25,Eureka,2,Ursuline Academy,0
2017-08-25,Ellington,0,Viburnum,2
2017-08-25,St. Charles,2,Warrenton,0
2017-08-25,Saxony Lutheran,1,Woodland,2
2017-08-26,Lexington,1,Adrian,1
2017-08-26,Skyline,0,Adrian,2
2017-08-26,Fort Osage,1,Adrian,1
2017-08-26,Oak Grove,1,Adrian,2
2017-08-26,Boonville,0,Adrian,2
2017-08-26,Holden,0,Adrian,2
2017-08-26,Rich Hill,1,Archie,1
2017-08-26,Lutheran (Kansas City),2,Archie,0
2017-08-26,Miami (Amoret),0,Archie,2
2017-08-26,Fair Grove,1,Aurora,1
2017-08-26,Willard,2,Aurora,0
2017-08-26,Logan-Rogersville,0,Aurora,2
2017-08-26,Neosho,0,Aurora,2
2017-08-26,Winona,0,Aurora,2
2017-08-26,Union,1,Ava,1
2017-08-26,Forsyth,1,Ava,1
2017-08-26,Conway,2,Ava,0
2017-08-26,Nodaway-Holt,0,Benton,2
2017-08-26,St. Joseph Christian,0,Benton,2
2017-08-26,Willow Springs,1,Blue Eye,1
2017-08-26,Fordland,1,Blue Eye,1
2017-08-26,Plato,0,Blue Springs,2
2017-08-26,Northland Christian,0,Blue Springs South,2
2017-08-26,Carthage,0,Blue Springs South,2
2017-08-26,Republic,0,Blue Springs South,2
2017-08-26,Plato,0,Blue Springs South,2
2017-08-26,Mt. Vernon,0,Blue Springs South,2
2017-08-26,Father Tolton,0,Blue Springs South,2
2017-08-26,Knob Noster,0,Boonville,2
2017-08-26,Holden,1,Boonville,1
2017-08-26,Sherwood,0,Boonville,2
2017-08-26,Fort Osage,0,Boonville,2
2017-08-26,Summit Christian Academy,2,Branson,0
2017-08-26,Winona,2,Branson,0
2017-08-26,Fair Grove,2,Buffalo,0
2017-08-26,Green Ridge,2,Buffalo,0
2017-08-26,Neosho,0,Buffalo,2
2017-08-26,Aurora,2,Buffalo,0
2017-08-26,Logan-Rogersville,2,Buffalo,0
2017-08-26,Hume,0,Butler,2
2017-08-26,Drexel,1,Butler,1
2017-08-26,Lutheran (Kansas City),2,Butler,0
2017-08-26,Rockwood Summit,0,Carthage,2
2017-08-26,Central (Springfield),0,Carthage,2
2017-08-26,Reeds Spring,0,Carthage,2
2017-08-26,South Iron,0,Carthage,2
2017-08-26,Ruskin,2,Central (Kansas City),0
2017-08-26,Cristo Rey,1,Central (Kansas City),1
2017-08-26,Raytown South,2,Central (Kansas City),0
2017-08-26,El Dorado Springs,0,Central (Springfield),2
2017-08-26,Republic,0,Central (Springfield),2
2017-08-26,Houston,2,Clinton,0
2017-08-26,Summit Christian Academy,2,Clinton,0
2017-08-26,Branson,2,Clinton,0
2017-08-26,Plato,2,Clinton,0
2017-08-26,Union,1,Conway,1
2017-08-26,Washington,2,Dexter,0
2017-08-26,St. Dominic,2,Dexter,0
2017-08-26,Parkway West,1,Dexter,1
2017-08-26,Kirkwood,0,Dexter,2
2017-08-26,Hume,0,Drexel,2
2017-08-26,Mid-Buchanan,0,East Buchanan,2
2017-08-26,Lathrop,0,East Buchanan,2
2017-08-26,Penney,0,East Buchanan,2
2017-08-26,West Platte,1,East Buchanan,2
2017-08-26,Republic,2,El Dorado Springs,0
2017-08-26,South Iron,0,El Dorado Springs,2
2017-08-26,Southwest (Washburn),2,Everton,0
2017-08-26,Sarcoxie,2,Everton,0
2017-08-26,Verona,1,Exeter,1
2017-08-26,Neosho,0,Fair Grove,2
2017-08-26,Winona,0,Fair Grove,2
2017-08-26,Willow Springs,1,Fordland,1
2017-08-26,Willow Springs,2,Forsyth,0
2017-08-26,Conway,1,Forsyth,1
2017-08-26,Union,0,Forsyth,2
2017-08-26,Lindbergh,1,Francis Howell North,1
2017-08-26,Ladue Horton Watkins,2,Francis Howell North,0
2017-08-26,Webster Groves,2,Francis Howell North,0
2017-08-26,Springfield Catholic,0,Francis Howell North,2
2017-08-26,Lebanon,1,Ft. Zumwalt West,1
2017-08-26,Lee's Summit,2,Ft. Zumwalt West,0
2017-08-26,Northland Christian,1,Ft. Zumwalt West,1
2017-08-26,Hollister,0,Ft. Zumwalt West,2
2017-08-26,Reeds Spring,0,Ft. Zumwalt West,2
2017-08-26,Verona,0,Golden City,2
2017-08-26,Miller,2,Golden City,0
2017-08-26,Marionville,1,Golden City,1
2017-08-26,Exeter,0,Golden City,2
2017-08-26,Winona,2,Green Ridge,0
2017-08-26,Stockton,1,Green Ridge,1
2017-08-26,Mountain Grove,1,Green Ridge,1
2017-08-26,Washington,2,Hickman,0
2017-08-26,St. Joseph's Academy,2,Hickman,0
2017-08-26,Kirkwood,2,Hickman,0
2017-08-26,Sherwood,0,Holden,2
2017-08-26,Windsor,1,Holden,2
2017-08-26,Seneca,2,Hollister,0
2017-08-26,Lebanon,2,Hollister,0
2017-08-26,Father Tolton,1,Hollister,2
2017-08-26,Northland Christian,2,Hollister,0
2017-08-26,El Dorado Springs,1,Hollister,2
2017-08-26,Summit Christian Academy,2,Houston,0
2017-08-26,Branson,2,Houston,0
2017-08-26,Whitfield,0,Incarnate Word Academy,2
2017-08-26,John Burroughs,0,Incarnate Word Academy,2
2017-08-26,Visitation Academy,2,Incarnate Word Academy,1
2017-08-26,Whitfield,0,John Burroughs,2
2017-08-26,MICDS,0,John Burroughs,2
2017-08-26,Helias Catholic,2,Kickapoo,0
2017-08-26,Ozark,2,Kickapoo,0
2017-08-26,St. Dominic,1,Kirkwood,1
2017-08-26,Parkway West,1,Kirkwood,1
2017-08-26,Sherwood,1,Knob Noster,1
2017-08-26,Holden,2,Knob Noster,0
2017-08-26,Lone Jack,2,Knob Noster,0
2017-08-26,Whitfield,0,Ladue Horton Watkins,2
2017-08-26,Incarnate Word Academy,1,Ladue Horton Watkins,1
2017-08-26,John Burroughs,0,Ladue Horton Watkins,2
2017-08-26,Veritas Christian Academy,2,Ladue Horton Watkins,0
2017-08-26,Winona,2,Lamar,0
2017-08-26,Lee's Summit,2,Lamar,0
2017-08-26,McDonald County,0,Lamar,2
2017-08-26,Mid-Buchanan,2,Lathrop,0
2017-08-26,North Platte,0,Lathrop,2
2017-08-26,Penney,0,Lathrop,2
2017-08-26,Plattsburg,2,Lathrop,1
2017-08-26,Mid-Buchanan,2,Lawson,1
2017-08-26,North Platte,0,Lawson,2
2017-08-26,Plattsburg,0,Lawson,2
2017-08-26,West Platte,1,Lawson,1
2017-08-26,Northland Christian,2,Lebanon,0
2017-08-26,Mt. Vernon,1,Lebanon,2
2017-08-26,Winona,2,Lee's Summit,0
2017-08-26,Lebanon,1,Lee's Summit,2
2017-08-26,McDonald County,0,Lee's Summit,2
2017-08-26,Fort Osage,2,Lexington,0
2017-08-26,Skyline,0,Lexington,2
2017-08-26,Lone Jack,2,Lexington,0
2017-08-26,Springfield Catholic,1,Lindbergh,1
2017-08-26,Webster Groves,1,Lindbergh,1
2017-08-26,John Burroughs,1,Lindbergh,2
2017-08-26,Parkway Central,2,Lindbergh,0
2017-08-26,Everton,0,Lockwood,2
2017-08-26,Purdy,1,Lockwood,1
2017-08-26,Sarcoxie,2,Lockwood,0
2017-08-26,Southwest (Washburn),0,Lockwood,2
2017-08-26,Miller,2,Lockwood,1
2017-08-26,Fair Grove,1,Logan-Rogersville,1
2017-08-26,Neosho,0,Logan-Rogersville,2
2017-08-26,Mountain Grove,0,Logan-Rogersville,2
2017-08-26,Windsor,1,Lone Jack,1
2017-08-26,St. Paul Lutheran (Concordia),0,Lone Jack,2
2017-08-26,Verona,0,Marionville,2
2017-08-26,Miller,2,Marionville,0
2017-08-26,Sarcoxie,2,Marionville,0
2017-08-26,Exeter,0,Marionville,2
2017-08-26,Hannibal,2,Marshall,0
2017-08-26,Winona,2,McDonald County,0
2017-08-26,Seneca,2,McDonald County,0
2017-08-26,Lutheran (Kansas City),2,Miami (Amoret),0
2017-08-26,Rich Hill,2,Miami (Amoret),0
2017-08-26,Veritas Christian Academy,2,MICDS,0
2017-08-26,Visitation Academy,1,MICDS,1
2017-08-26,Penney,0,Mid-Buchanan,2
2017-08-26,Verona,0,Miller,2
2017-08-26,Exeter,0,Miller,2
2017-08-26,Sarcoxie,1,Miller,2
2017-08-26,Stockton,0,Mountain Grove,2
2017-08-26,Winona,2,Mountain Grove,0
2017-08-26,Father Tolton,0,Mt. Vernon,2
2017-08-26,Plato,0,Mt. Vernon,2
2017-08-26,St. James,2,Nodaway-Holt,0
2017-08-26,St. Joseph Christian,2,Nodaway-Holt,0
2017-08-26,West Platte,1,North Platte,1
2017-08-26,Plattsburg,2,North Platte,0
2017-08-26,Lone Jack,0,Oak Grove,2
2017-08-26,St. Paul Lutheran (Concordia),0,Oak Grove,2
2017-08-26,Windsor,0,Oak Grove,2
2017-08-26,Willow Springs,1,Parkview,1
2017-08-26,Blue Eye,0,Parkview,2
2017-08-26,Conway,0,Parkview,2
2017-08-26,Fordland,0,Parkview,2
2017-08-26,Veritas Christian Academy,2,Parkway Central,0
2017-08-26,MICDS,0,Parkway Central,2
2017-08-26,Visitation Academy,2,Parkway Central,0
2017-08-26,Springfield Catholic,0,Parkway Central,2
2017-08-26,St. Joseph's Academy,2,Parkway West,0
2017-08-26,St. Dominic,1,Parkway West,1
2017-08-26,Plattsburg,2,Penney,0
2017-08-26,Father Tolton,1,Plato,1
2017-08-26,West Platte,2,Plattsburg,0
2017-08-26,Golden City,1,Purdy,2
2017-08-26,Southwest (Washburn),1,Purdy,1
2017-08-26,Everton,0,Purdy,2
2017-08-26,Sarcoxie,2,Purdy,0
2017-08-26,Versailles,1,Raytown South,2
2017-08-26,University Academy Charter,0,Raytown South,2
2017-08-26,Cristo Rey,0,Raytown South,2
2017-08-26,Rockwood Summit,2,Reeds Spring,0
2017-08-26,South Iron,0,Reeds Spring,2
2017-08-26,Lutheran (Kansas City),0,Rich Hill,2
2017-08-26,St. James,0,Rock Port,2
2017-08-26,St. Joseph Christian,2,Rock Port,0
2017-08-26,South Iron,0,Rockwood Summit,2
2017-08-26,Lebanon,2,Rockwood Summit,1
2017-08-26,Houston,0,Rockwood Summit,2
2017-08-26,Whitfield,1,Springfield Catholic,2
2017-08-26,Versailles,2,Ruskin,0
2017-08-26,University Academy Charter,2,Ruskin,0
2017-08-26,Guadalupe Centers Charter,2,Ruskin,0
2017-08-26,Southwest (Washburn),0,Sarcoxie,2
2017-08-26,Central (Springfield),2,Seneca,0
2017-08-26,Republic,2,Seneca,0
2017-08-26,El Dorado Springs,1,Seneca,1
2017-08-26,Plato,0,Seneca,2
2017-08-26,Skyline,2,Sherwood,0
2017-08-26,Fort Osage,2,Skyline,0
2017-08-26,St. Paul Lutheran (Concordia),1,Skyline,2
2017-08-26,St. Joseph Christian,2,St. James,0
2017-08-26,Winona,2,Stockton,0
2017-08-26,Northland Christian,2,Winona,0
2017-08-26,Northland Christian,2,Summit Christian Academy,0
2017-08-26,University Academy Charter,0,Versailles,2
2017-08-26,Cristo Rey,0,Versailles,2
2017-08-26,Webster Groves,2,Visitation Academy,0
2017-08-26,Veritas Christian Academy,2,Visitation Academy,0
2017-08-26,St. Joseph's Academy,0,Washington,2
2017-08-26,St. Dominic,2,Washington,0
2017-08-26,Veritas Christian Academy,2,Webster Groves,1
2017-08-26,Springfield Catholic,0,Webster Groves,2
2017-08-26,Fair Grove,0,Willard,2
2017-08-26,Green Ridge,0,Willard,2
2017-08-26,Stockton,0,Willard,2
2017-08-26,Mountain Grove,0,Willard,2
2017-08-26,Winona,0,Willard,2
2017-08-26,St. Paul Lutheran (Concordia),0,Windsor,2
2017-08-28,Clearwater,0,Arcadia Valley,2
2017-08-28,Fordland,2,Ava,0
2017-08-28,Richland (Essex),2,Bell City,0
2017-08-28,Maryville,2,Benton,0
2017-08-28,Notre Dame (Cape Girardeau),2,Bernie,1
2017-08-28,Crossroads College Preparatory,0,Bishop DuBourg,2
2017-08-28,Battle,0,Blair Oaks,2
2017-08-28,St. Clair,0,Bloomfield,2
2017-08-28,Tipton,2,Bunceton,1
2017-08-28,Thayer,0,Cabool,2
2017-08-28,Senath-Hornersville,0,Central (New Madrid County),2
2017-08-28,Windsor (Imperial),0,Central (Park Hills),2
2017-08-28,New Haven,2,Chamois,0
2017-08-28,Green Ridge,2,Concordia,0
2017-08-28,Monett,2,Crane,1
2017-08-28,Northwest (Hughesville),2,Crest Ridge,1
2017-08-28,Kingston,2,Crystal City,0
2017-08-28,Koshkonong,0,Doniphan,2
2017-08-28,Northeast (Kansas City),1,East (Kansas City),2
2017-08-28,St. James,0,East Buchanan,2
2017-08-28,Meadow Heights,2,Ellington,0
2017-08-28,Wheaton,2,Everton,0
2017-08-28,Greenfield,2,Exeter,0
2017-08-28,Bolivar,0,Fair Grove,2
2017-08-28,Dexter,1,Farmington,2
2017-08-28,Fulton,1,Father Tolton,2
2017-08-28,School of the Ozarks,2,Forsyth,1
2017-08-28,St. Dominic,2,Francis Howell Central,0
2017-08-28,Parkway South,0,Francis Howell North,2
2017-08-28,Seneca,0,Fredericktown,2
2017-08-28,Bronaugh,0,Golden City,2
2017-08-28,Sparta,0,Grain Valley,2
2017-08-28,Charleston,1,Hayti,2
2017-08-28,St. Paul Lutheran (Farmington),0,Herculaneum,2
2017-08-28,Winfield,1,Holt,2
2017-08-28,Valle Catholic,2,Jefferson (Festus),1
2017-08-28,St. Joseph's Academy,2,Lafayette (Wildwood),0
2017-08-28,Webster Groves,2,Lindbergh,0
2017-08-28,Duchesne,0,Lutheran St. Charles,2
2017-08-28,Portageville,0,Malden,2
2017-08-28,Sarcoxie,2,McAuley Catholic,0
2017-08-28,Trinity Catholic,2,McCluer,0
2017-08-28,Cor Jesu Academy,2,Mehlville,0
2017-08-28,Jennings,0,Metro,2
2017-08-28,Centralia,1,Mexico,2
2017-08-28,Parkway West,0,Nerinx Hall,2
2017-08-28,McDonald County,0,New Heights Christian,2
2017-08-28,Caruthersville,1,North Pemiscot,2
2017-08-28,Bayless,0,Notre Dame (St. Louis),2
2017-08-28,Marshall,1,Oak Grove,2
2017-08-28,Oran,0,Oak Ridge,2
2017-08-28,Plato,0,Osage,2
2017-08-28,Oak Park,0,Park Hill South,2
2017-08-28,Kirkwood,2,Parkway Central,1
2017-08-28,Lee's Summit North,2,Platte County,3
2017-08-28,St. Michael the Archangel,0,Pleasant Hill,2
2017-08-28,Hollister,2,Pleasant Hope,0
2017-08-28,North County,1,Poplar Bluff,2
2017-08-28,Pierce City,2,Purdy,0
2017-08-28,Central (Cape Girardeau),2,Puxico,0
2017-08-28,Blue Eye,0,Reeds Spring,2
2017-08-28,Hazelwood West,0,Ritenour,2
2017-08-28,Ft. Zumwalt South,0,Rock Bridge,2
2017-08-28,Bishop LeBlond,2,Rock Port,0
2017-08-28,Linn,2,Sarcoxie,0
2017-08-28,West Plains,2,Salem,0
2017-08-28,Green Ridge,0,Santa Fe,2
2017-08-28,Concordia,0,Santa Fe,2
2017-08-28,Willard,0,Skyline,2
2017-08-28,Jefferson City,2,Savannah,0
2017-08-28,Fatima,2,Southern Boone,0
2017-08-28,Cassville,2,Spokane,1
2017-08-28,Stockton,2,Springfield Catholic,1
2017-08-28,Penney,0,Trenton,2
2017-08-28,Villa Duchesne,0,Ursuline Academy,2
2017-08-28,Warsaw,0,Viburnum,2
2017-08-28,Versailles,0,Warrensburg,2
2017-08-28,St. Clair,0,Warrenton,2
2017-08-28,Plattsburg,0,West Platte,2
2017-08-28,Liberty,2,Winnetonka,0
2017-08-29,Crest Ridge,1,Adrian,2
2017-08-29,Oran,0,Advance,2
2017-08-29,Windsor,2,Archie,1
2017-08-29,Carthage,1,Aurora,2
2017-08-29,Miami (Amoret),0,Ballard,2
2017-08-29,Hume,2,Ballard,1
2017-08-29,Butler,3,Barstow,1
2017-08-29,Owensville,2,Belle,0
2017-08-29,Purdy,0,Billings,2
2017-08-29,Blue Springs,0,Blue Springs South,2
2017-08-29,Hickman,2,Boonville,0
2017-08-29,Hurley,2,Bradleyville,0
2017-08-29,Herculaneum,2,Brentwood,0
2017-08-29,Chillicothe,2,Brookfield,0
2017-08-29,Conway,0,Buffalo,2
2017-08-29,Plato,0,Cabool,2
2017-08-29,Chilhowee,2,Calhoun,0
2017-08-29,Sacred Heart,0,California,2
2017-08-29,Smithton,0,Calvary Lutheran,2
2017-08-29,Logan-Rogersville,2,Camdenton,0
2017-08-29,Excelsior Springs,2,Cameron,0
2017-08-29,Caruthersville,0,Campbell,2
2017-08-29,Bishop DuBourg,2,Cardinal Ritter,0
2017-08-29,Lawson,2,Carrollton,0
2017-08-29,McDonald County,0,Cassville,2
2017-08-29,Malden,2,Central (New Madrid County),0
2017-08-29,DeSoto,1,Central (Park Hills),2
2017-08-29,Miller Career Academy,2,Cleveland NJROTC,0
2017-08-29,Fox,2,Crystal City,0
2017-08-29,Bourbon,0,Cuba,2
2017-08-29,Cooter,2,Delta (Deering),0
2017-08-29,East Newton,2,Diamond,1
2017-08-29,Miami (Amoret),0,Drexel,2
2017-08-29,Ballard,1,Drexel,2
2017-08-29,Hume,0,Drexel,2
2017-08-29,Salem,0,Eminence,2
2017-08-29,Southern Boone,2,Eugene,1
2017-08-29,Pacific,0,Eureka,2
2017-08-29,Greenfield,2,Everton,0
2017-08-29,Marshfield,0,Fair Grove,2
2017-08-29,Hillsboro,0,Farmington,2
2017-08-29,Linn,0,Fatima,2
2017-08-29,Valle Catholic,2,Festus,1
2017-08-29,Union,0,Fordland,2
2017-08-29,Winnetonka,2,Fort Osage,1
2017-08-29,Pattonville,0,Francis Howell North,2
2017-08-29,Perryville,2,Fredericktown,0
2017-08-29,Ft. Zumwalt West,2,Ft. Zumwalt East,0
2017-08-29,Carnahan,0,Gateway,2
2017-08-29,Hancock,1,Gateway Science Charter,2
2017-08-29,Republic,2,Glendale,0
2017-08-29,Raytown,2,Grandview,0
2017-08-29,Valley,0,Grandview (Hillsboro),2
2017-08-29,Kirksville,2,Hallsville,0
2017-08-29,Troy Buchanan,1,Hannibal,2
2017-08-29,Portageville,0,Hayti,2
2017-08-29,McCluer,0,Hazelwood Central,2
2017-08-29,Riverview Gardens,0,Hazelwood West,2
2017-08-29,Jefferson City,0,Helias Catholic,2
2017-08-29,Father Tolton,0,Hermann,2
2017-08-29,Hollister,1,Hillcrest,2
2017-08-29,Central (Kansas City),1,Hogan Prep Academy Charter,2
2017-08-29,Miami (Amoret),0,Hume,2
2017-08-29,Nixa,2,Joplin,0
2017-08-29,Belton,0,Kearney,2
2017-08-29,Summersville,0,Kennett,2
2017-08-29,Ozark,0,Kickapoo,2
2017-08-29,Chilhowee,0,Kingsville,2
2017-08-29,Calhoun,0,Kingsville,2
2017-08-29,Oakville,2,Kirkwood,0
2017-08-29,Clinton,0,Knob Noster,2
2017-08-29,Mid-Buchanan,0,Lafayette (St. Joseph),2
2017-08-29,Villa Duchesne,0,Lafayette (Wildwood),2
2017-08-29,Odessa,2,Lafayette County,0
2017-08-29,Sheldon,0,Lakeland,1
2017-08-29,Liberal,1,Lamar,2
2017-08-29,Orrick,0,Lathrop,2
2017-08-29,Battle,0,Lebanon,2
2017-08-29,Park Hill,0,Lee's Summit,2
2017-08-29,Lee's Summit West,2,Lee's Summit North,0
2017-08-29,Ellington,0,Lesterville,2
2017-08-29,Central (St. Joseph),0,Liberty,2
2017-08-29,Park Hill South,2,Liberty North,0
2017-08-29,Warsaw,0,Lincoln,2
2017-08-29,Francis Howell,2,Lindbergh,1
2017-08-29,Osceola,0,Lockwood,2
2017-08-29,Lexington,2,Lone Jack,1
2017-08-29,Valley Park,0,Lutheran North,2
2017-08-29,John Burroughs,0,Lutheran South,2
2017-08-29,Hazelwood East,0,McCluer North,2
2017-08-29,Roosevelt,2,McKinley Classical Leadership,0
2017-08-29,Union,0,Mehlville,2
2017-08-29,Eldon,2,Mexico,0
2017-08-29,New Heights Christian,1,Miller,2
2017-08-29,Sarcoxie,0,Monett,2
2017-08-29,Bowling Green,2,Montgomery County,0
2017-08-29,Licking,2,Mountain Grove,1
2017-08-29,Mt. Vernon,2,Neosho,1
2017-08-29,Savannah,1,Nevada,2
2017-08-29,Blair Oaks,0,New Haven,2
2017-08-29,Chadwick,0,Niangua,2
2017-08-29,West Platte,2,Nodaway-Holt,0
2017-08-29,Southland,0,North Pemiscot,2
2017-08-29,Savannah,0,Northland Christian,2
2017-08-29,Holden,0,Oak Grove,2
2017-08-29,Charleston,0,Oak Ridge,2
2017-08-29,Cole Camp,1,Osage,2
2017-08-29,Bunceton,0,Otterville,2
2017-08-29,Branson,2,Parkview,0
2017-08-29,Whitfield,1,Parkway North,2
2017-08-29,Lutheran (Kansas City),0,Pembroke Hill,2
2017-08-29,Raytown South,0,Platte County,2
2017-08-29,Trenton,0,Plattsburg,2
2017-08-29,Jackson,2,Poplar Bluff,0
2017-08-29,MICDS,2,Principia,0
2017-08-29,Woodland,2,Puxico,0
2017-08-29,Clever,2,Reeds Spring,1
2017-08-29,McAuley Catholic,1,Rich Hill,2
2017-08-29,Bloomfield,2,Richland (Essex),0
2017-08-29,St. James,0,Rolla,2
2017-08-29,William Chrisman,2,Ruskin,0
2017-08-29,Willard,2,Sarcoxie,0
2017-08-29,Northwest (Hughesville),0,Santa Fe,2
2017-08-29,Holcomb,0,Senath-Hornersville,2
2017-08-29,Midway,2,Sherwood,0
2017-08-29,Transportation and Law,0,Soldan International Studies,2
2017-08-29,West County,2,South Iron,0
2017-08-29,Ash Grove,2,Springfield Catholic,0
2017-08-29,Orchard Farm,1,St. Charles West,2
2017-08-29,Notre Dame (St. Louis),0,St. Dominic,2
2017-08-29,Springfield Catholic,0,St. Joseph's Academy,2
2017-08-29,South Harrison,0,St. Joseph Christian,2
2017-08-29,Warrensburg,2,St. Michael the Archangel,1
2017-08-29,Greenville,2,St. Paul Lutheran (Farmington),0
2017-08-29,Center,0,St. Pius X (Kansas City),2
2017-08-29,Saxony Lutheran,2,St. Vincent,1
2017-08-29,Oak Park,1,Staley,2
2017-08-29,El Dorado Springs,0,Winona,2
2017-08-29,Houston,0,Wright City,2
2017-08-29,St. Paul Lutheran (Concordia),0,Summit Christian Academy,2
2017-08-29,Collegiate School of Med-Bio Science,1,West Plains,2
2017-08-29,East (Kansas City),1,West Plains,2
2017-08-29,Exeter,0,Thomas Jefferson Independent Day,2
2017-08-29,Liberty (Wentzville),0,Timberland,2
2017-08-29,North Kansas City,0,St. Charles,2
2017-08-29,Doniphan,0,St. Clair,2
2017-08-29,Versailles,3,University Academy Charter,0
2017-08-29,Metro,2,Waynesville,0
2017-08-29,Trinity Catholic,0,Veritas Christian Academy,2
2017-08-29,Skyline,0,Versailles,2
2017-08-29,Arcadia Valley,2,Viburnum,0
2017-08-29,Cor Jesu Academy,2,Visitation Academy,0
2017-08-29,Webb City,1,Waynesville,2
2017-08-29,Concordia,0,Wellington-Napoleon,2
2017-08-29,Crane,2,Wheaton,0
2017-08-29,St. Charles,1,Winfield,2
2017-08-29,Bunker,0,Winona,2
2017-08-29,Centralia,2,Wright City,0
2017-08-29,Bell City,2,Zalma,3
2017-08-30,Bayless,2,Clayton,1
2017-08-30,Whitfield,2,Crossroads College Preparatory,1
2017-08-30,St. Dominic,2,Duchesne,0
2017-08-30,Marquette,0,Eureka,2
2017-08-30,Oakville,2,Francis Howell Central,0
2017-08-30,Jennings,0,Gateway,2
2017-08-30,Normandy Collaborative,0,Hazelwood East,2
2017-08-30,Leopold,2,Marquand-Zion,0
2017-08-30,St. Charles,2,MICDS,0
2017-08-30,Pleasant Hill,2,Notre Dame de Sion,0
2017-08-30,Washington,2,Pacific,1
2017-08-30,Parkway West,2,Pattonville,0
2017-08-30,Farmington,1,Perryville,2
2017-08-30,Northwest (Cedar Hill),2,Rockwood Summit,0
2017-08-30,Notre Dame (Cape Girardeau),2,Seneca,0
2017-08-30,Lincoln College Prep,0,University Academy Charter,2
2017-08-30,Ft. Zumwalt North,0,Warrenton,1
2017-08-30,Ursuline Academy,2,Westminster Christian Academy,0
2017-08-30,Ste. Genevieve,2,Windsor (Imperial),0
2017-08-31,Perryville,2,Advance,1
2017-08-31,Dexter,3,Advance,0
2017-08-31,Clayton,0,Affton,2
2017-08-31,Marshfield,2,Ava,0
2017-08-31,Bernie,2,Bell City,0
2017-08-31,Cameron,0,Benton,2
2017-08-31,Lutheran St. Charles,2,Bishop DuBourg,0
2017-08-31,Maryville,1,Bishop LeBlond,2
2017-08-31,Potosi,1,Bismarck,2
2017-08-31,Raymore-Peculiar,0,Blue Springs,2
2017-08-31,Lee's Summit North,0,Blue Springs South,2
2017-08-31,Willard,2,Bolivar,0
2017-08-31,St. James,2,Bourbon,0
2017-08-31,Central (Springfield),0,Branson,2
2017-08-31,Miami (Amoret),2,Bronaugh,1
2017-08-31,Plattsburg,2,Brookfield,0
2017-08-31,Lesterville,2,Bunker,0
2017-08-31,Versailles,0,Butler,3
2017-08-31,Winona,2,Cabool,1
2017-08-31,West Plains,2,Camdenton,1
2017-08-31,Waynesville,0,Carnahan,2
2017-08-31,Marionville,0,Cassville,2
2017-08-31,Galena,2,Chadwick,0
2017-08-31,Sarcoxie,1,Chamois,2
2017-08-31,Portageville,2,Charleston,0
2017-08-31,Northwest (Hughesville),2,Chilhowee,0
2017-08-31,Sparta,2,Chillicothe,0
2017-08-31,North Pemiscot,2,Clarkton,0
2017-08-31,Springfield Catholic,0,Clever,2
2017-08-31,Savannah,2,Clinton,0
2017-08-31,St. Joseph's Academy,2,Cor Jesu Academy,1
2017-08-31,Crossroads College Preparatory,2,Crystal City,0
2017-08-31,Campbell,2,Delta (Deering),0
2017-08-31,Perryville,1,Dexter,2
2017-08-31,Seneca,2,Diamond,0
2017-08-31,Belle,2,Dixon,0
2017-08-31,Thayer,0,Doniphan,2
2017-08-31,Lockwood,2,El Dorado Springs,0
2017-08-31,California,2,Eldon,0
2017-08-31,Liberty (Mountain View),0,Eminence,2
2017-08-31,Lawson,1,Excelsior Springs,2
2017-08-31,Arcadia Valley,2,Festus,0
2017-08-31,Staley,2,Fort Osage,0
2017-08-31,Lindbergh,2,Fox,0
2017-08-31,Francis Howell,2,Francis Howell Central,0
2017-08-31,Ft. Zumwalt East,2,Ft. Zumwalt South,0
2017-08-31,Eugene,1,Fulton,2
2017-08-31,Parkview,0,Glendale,2
2017-08-31,Kearney,2,Grandview,0
2017-08-31,Valley Park,0,Grandview (Hillsboro),2
2017-08-31,Crest Ridge,0,Green Ridge,2
2017-08-31,Stockton,2,Greenfield,0
2017-08-31,North Callaway,0,Hallsville,2
2017-08-31,Bowling Green,0,Hannibal,2
2017-08-31,St. Clair,2,Hayti,0
2017-08-31,Central (Park Hills),0,Herculaneum,2
2017-08-31,Fatima,0,Hermann,2
2017-08-31,Waynesville,1,Hillcrest,2
2017-08-31,Blue Eye,2,Hurley,0
2017-08-31,St. Joseph's Academy,2,Incarnate Word Academy,0
2017-08-31,Hillsboro,0,Jackson,2
2017-08-31,Rich Hill,1,Jasper,2
2017-08-31,Ozark,2,Jefferson City,1
2017-08-31,Boonville,1,Kirksville,2
2017-08-31,Calvary Lutheran,1,La Monte,0
2017-08-31,Parkway West,2,Ladue Horton Watkins,0
2017-08-31,Santa Fe,2,Lafayette County,0
2017-08-31,Joplin,1,Lebanon,2
2017-08-31,St. Paul Lutheran (Concordia),0,Lexington,2
2017-08-31,Ft. Zumwalt North,0,Liberty (Wentzville),2
2017-08-31,Raytown,0,Liberty North,2
2017-08-31,Archie,0,Lincoln,2
2017-08-31,Fair Grove,0,Logan-Rogersville,2
2017-08-31,Drexel,0,Lone Jack,2
2017-08-31,Harrisonville,1,Lutheran (Kansas City),2
2017-08-31,Visitation Academy,0,Lutheran South,2
2017-08-31,Kennett,0,Malden,2
2017-08-31,John Burroughs,2,Maplewood-Richmond Hts.,0
2017-08-31,Mexico,0,Marshall,2
2017-08-31,University City,0,McCluer South-Berkeley,2
2017-08-31,Transportation and Law,0,McKinley Classical Leadership,2
2017-08-31,Seneca,0,Meadow Heights,2
2017-08-31,Seckman,0,Mehlville,2
2017-08-31,Miller Career Academy,0,Metro,2
2017-08-31,South Harrison,0,Mid-Buchanan,2
2017-08-31,Kingsville,0,Midway,2
2017-08-31,Reeds Spring,2,Monett,0
2017-08-31,New Haven,2,Montgomery County,0
2017-08-31,Aurora,2,Mt. Vernon,0
2017-08-31,East Newton,2,Neosho,1
2017-08-31,Webster Groves,2,Nerinx Hall,1
2017-08-31,Rock Bridge,0,Nixa,2
2017-08-31,St. James,2,Nodaway-Holt,0
2017-08-31,Oak Park,2,North Kansas City,0
2017-08-31,St. Joseph Christian,2,North Platte,1
2017-08-31,Lathrop,0,Northland Christian,2
2017-08-31,Lafayette (Wildwood),2,Northwest (Cedar Hill),0
2017-08-31,Springfield Catholic,0,Notre Dame (St. Louis),2
2017-08-31,Parkway South,0,Oakville,2
2017-08-31,Winfield,2,Orchard Farm,0
2017-08-31,Richmond,0,Orrick,2
2017-08-31,Winona,2,Osceola,0
2017-08-31,Smithton,2,Otterville,1
2017-08-31,Lee's Summit West,2,Park Hill,0
2017-08-31,Central (St. Joseph),0,Park Hill South,2
2017-08-31,Lamar,2,Pierce City,0
2017-08-31,Winnetonka,1,Platte County,2
2017-08-31,Fordland,2,Pleasant Hope,0
2017-08-31,Bloomfield,2,Poplar Bluff,1
2017-08-31,Wright City,2,Principia,0
2017-08-31,Belton,0,Raytown South,2
2017-08-31,Mountain Grove,0,Republic,2
2017-08-31,Puxico,2,Richland (Essex),1
2017-08-31,Parkway North,2,Ritenour,0
2017-08-31,Kickapoo,2,Rolla,0
2017-08-31,Gateway,2,Roosevelt,0
2017-08-31,New Heights Christian,2,Sarcoxie,0
2017-08-31,Lafayette (St. Joseph),0,Savannah,2
2017-08-31,Sikeston,0,Saxony Lutheran,2
2017-08-31,Ash Grove,2,School of the Ozarks,1
2017-08-31,Summersville,0,Senath-Hornersville,2
2017-08-31,Buffalo,2,Skyline,1
2017-08-31,Collegiate School of Med-Bio Science,1,Soldan International Studies,2
2017-08-31,Kingston,2,South Iron,1
2017-08-31,Hogan Prep Academy Charter,2,Southeast,0
2017-08-31,Thomas Jefferson Independent Day,1,Southwest (Washburn),2
2017-08-31,Spokane,2,Union,0
2017-08-31,Linn,0,St. Clair,2
2017-08-31,West County,2,St. Paul Lutheran (Farmington),0
2017-08-31,Notre Dame de Sion,1,St. Pius X (Kansas City),2
2017-08-31,Jefferson (Festus),1,Ste. Genevieve,2
2017-08-31,Licking,2,Warsaw,1
2017-08-31,Willow Springs,2,Wright City,1
2017-08-31,St. Michael the Archangel,1,Summit Christian Academy,2
2017-08-31,Cleveland NJROTC,0,West Plains,2
2017-08-31,Ft. Zumwalt West,0,Timberland,2
2017-08-31,Carrollton,0,Trenton,2
2017-08-31,Francis Howell North,2,Troy Buchanan,1
2017-08-31,Lee's Summit,2,St. Charles,0
2017-08-31,North County,2,Union,1
2017-08-31,Kirkwood,2,Ursuline Academy,1
2017-08-31,Cardinal Ritter,0,Veritas Christian Academy,2
2017-08-31,Purdy,2,Verona,1
2017-08-31,Osage,2,Versailles,0
2017-08-31,Cuba,0,Viburnum,2
2017-08-31,Nevada,0,Warrensburg,2
2017-08-31,St. Charles West,0,Warrenton,1
2017-08-31,Blair Oaks,0,Warsaw,1
2017-08-31,Holt,0,Washington,2
2017-08-31,McDonald County,0,Webb City,2
2017-08-31,Odessa,2,Wellington-Napoleon,1
2017-08-31,Liberty,2,William Chrisman,0
2017-08-31,Adrian,2,Windsor,0
2017-08-31,Clearwater,0,Woodland,2
2017-08-31,Greenville,3,Zalma,0
2017-09-01,St. Vincent,1,Bernie,1
2017-09-01,Notre Dame (Cape Girardeau),2,Bernie,0
2017-09-01,Ste. Genevieve,2,Bernie,0
2017-09-01,Eugene,2,Bunceton,0
2017-09-01,Clarkton,0,Campbell,2
2017-09-01,Metro,0,Gateway Science Charter,2
2017-09-01,Crystal City,0,Grandview (Hillsboro),2
2017-09-01,Marquand-Zion,0,Greenville,2
2017-09-01,Brentwood,2,Lutheran North,0
2017-09-01,St. Vincent,0,Notre Dame (Cape Girardeau),2
2017-09-01,MICDS,2,Parkway South,1
2017-09-01,Orchard Farm,2,Principia,0
2017-09-01,North Pemiscot,2,Richland (Essex),0
2017-09-01,Rockwood Summit,2,Seckman,1
2017-09-01,Northeast Vernon County,2,Sheldon,0
2017-09-01,Lutheran South,2,St. Pius X (Festus),1
2017-09-01,St. Vincent,0,Ste. Genevieve,2
2017-09-01,Notre Dame (Cape Girardeau),1,Ste. Genevieve,1
2017-09-01,Bourbon,0,Warsaw,2
2017-09-01,Whitfield,1,Webb City,2
2017-09-01,Viburnum,2,Wright City,1
2017-09-01,Bloomfield,2,Woodland,1
2017-09-02,Bernie,1,Advance,2
2017-09-02,St. Vincent,2,Advance,1
2017-09-02,Warsaw,0,Cameron,2
2017-09-02,Galena,2,Chadwick,0
2017-09-02,Spokane,2,Chadwick,0
2017-09-02,Springfield Catholic,2,Chadwick,0
2017-09-02,Notre Dame (Cape Girardeau),0,Dexter,2
2017-09-02,Ste. Genevieve,1,Dexter,2
2017-09-02,Francis Howell,0,Eureka,2
2017-09-02,Duchesne,2,Francis Howell Central,1
2017-09-02,Holt,0,Francis Howell Central,2
2017-09-02,Timberland,2,Francis Howell Central,0
2017-09-02,Ft. Zumwalt East,0,Francis Howell Central,2
2017-09-02,Winfield,1,Francis Howell Central,2
2017-09-02,School of the Ozarks,1,Galena,2
2017-09-02,Springfield Catholic,2,Galena,0
2017-09-02,Hurley,2,Galena,0
2017-09-02,Ft. Zumwalt East,2,Hannibal,0
2017-09-02,Timberland,2,Hannibal,0
2017-09-02,St. Charles West,0,Hannibal,2
2017-09-02,Nerinx Hall,0,Helias Catholic,2
2017-09-02,Duchesne,0,Holt,2
2017-09-02,Winfield,0,Holt,2
2017-09-02,Timberland,2,Holt,1
2017-09-02,Ft. Zumwalt East,0,Holt,2
2017-09-02,Spokane,2,Hurley,0
2017-09-02,School of the Ozarks,1,Hurley,1
2017-09-02,Helias Catholic,2,Kickapoo,0
2017-09-02,Nerinx Hall,1,Kickapoo,2
2017-09-02,Savannah,2,Kirksville,0
2017-09-02,Warrensburg,2,Lafayette County,0
2017-09-02,Warsaw,2,Lafayette County,0
2017-09-02,Cameron,1,Lafayette County,1
2017-09-02,Northwest (Hughesville),1,Lafayette County,2
2017-09-02,Savannah,1,Maryville,1
2017-09-02,Richmond,0,Maryville,2
2017-09-02,Cameron,0,Maryville,2
2017-09-02,Warrensburg,2,Maryville,0
2017-09-02,Northwest (Hughesville),0,Maryville,2
2017-09-02,Richmond,0,Northwest (Hughesville),2
2017-09-02,Notre Dame (Cape Girardeau),2,Perryville,1
2017-09-02,Ste. Genevieve,1,Perryville,2
2017-09-02,Warsaw,2,Richmond,0
2017-09-02,Warrensburg,2,Savannah,0
2017-09-02,Richmond,0,Savannah,2
2017-09-02,Northwest (Hughesville),0,Savannah,2
2017-09-02,Warsaw,0,Savannah,2
2017-09-02,Versailles,0,Savannah,2
2017-09-02,Cole Camp,0,Savannah,2
2017-09-02,Santa Fe,2,Savannah,1
2017-09-02,School of the Ozarks,1,Spokane,1
2017-09-02,Springfield Catholic,2,Spokane,1
2017-09-02,Ft. Zumwalt East,2,St. Charles West,0
2017-09-02,Timberland,2,St. Charles West,0
2017-09-02,Ft. Zumwalt East,0,Timberland,2
2017-09-02,Cameron,0,Warrensburg,2
2017-09-02,Warsaw,0,Warrensburg,2
2017-09-02,Duchesne,2,Winfield,0
2017-09-04,Fair Grove,2,Buffalo,0
2017-09-04,Webb City,0,Central (Springfield),2
2017-09-05,Butler,2,Adrian,0
2017-09-05,Bernie,0,Advance,2
2017-09-05,Fredericktown,0,Arcadia Valley,2
2017-09-05,Reeds Spring,0,Aurora,2
2017-09-05,Grandview,0,Belton,2
2017-09-05,Bradleyville,0,Billings,2
2017-09-05,Pembroke Hill,1,Bishop LeBlond,2
2017-09-05,Dexter,2,Bloomfield,1
2017-09-05,Hollister,1,Blue Eye,2
2017-09-05,Parkview,0,Bolivar,2
2017-09-05,Lafayette County,0,Boonville,2
2017-09-05,Affton,2,Brentwood,0
2017-09-05,Savannah,2,Brookfield,0
2017-09-05,Ellington,2,Bunker,1
2017-09-05,Southland,0,Campbell,2
2017-09-05,Lebanon,1,Carl Junction,2
2017-09-05,Chillicothe,2,Carrollton,0
2017-09-05,Hayti,2,Caruthersville,1
2017-09-05,Wheaton,0,Cassville,2
2017-09-05,Jackson,2,Central (Cape Girardeau),0
2017-09-05,Springfield Catholic,1,Central (Springfield),2
2017-09-05,Southern Boone,2,Centralia,0
2017-09-05,Central (New Madrid County),2,Charleston,1
2017-09-05,Calhoun,0,Chilhowee,2
2017-09-05,Malden,2,Clarkton,0
2017-09-05,McCluer South-Berkeley,0,Clayton,2
2017-09-05,Carnahan,2,Cleveland NJROTC,0
2017-09-05,St. Michael the Archangel,2,Clinton,0
2017-09-05,California,2,Cole Camp,0
2017-09-05,Waynesville,1,Collegiate School of Med-Bio Science,2
2017-09-05,Fordland,2,Conway,0
2017-09-05,North Pemiscot,2,Cooter,0
2017-09-05,La Monte,0,Crest Ridge,2
2017-09-05,Willow Springs,2,Doniphan,0
2017-09-05,University Academy Charter,2,Drexel,0
2017-09-05,Pleasant Hope,0,El Dorado Springs,2
2017-09-05,Blair Oaks,2,Eldon,1
2017-09-05,Cor Jesu Academy,2,Eureka,0
2017-09-05,Bronaugh,1,Exeter,2
2017-09-05,New Haven,2,Father Tolton,0
2017-09-05,Eugene,0,Fatima,2
2017-09-05,Clever,2,Forsyth,0
2017-09-05,Festus,2,Fox,0
2017-09-05,Timberland,1,Francis Howell,2
2017-09-05,Francis Howell Central,2,Francis Howell North,1
2017-09-05,Liberty (Wentzville),2,Ft. Zumwalt East,1
2017-09-05,Washington,2,Ft. Zumwalt North,0
2017-09-05,Troy Buchanan,0,Ft. Zumwalt West,2
2017-09-05,Southwest (Washburn),0,Galena,2
2017-09-05,West Plains,0,Gateway,2
2017-09-05,Jefferson (Festus),2,Grandview (Hillsboro),0
2017-09-05,Versailles,2,Hallsville,0
2017-09-05,McCluer,1,Hazelwood East,2
2017-09-05,St. Dominic,0,Helias Catholic,2
2017-09-05,Sacred Heart,0,Hickman,2
2017-09-05,DeSoto,0,Hillsboro,2
2017-09-05,University Academy Charter,1,Hogan Prep Academy Charter,2
2017-09-05,Odessa,2,Holden,0
2017-09-05,Ft. Zumwalt South,0,Holt,2
2017-09-05,Plato,1,Houston,2
2017-09-05,Crane,2,Hurley,1
2017-09-05,Villa Duchesne,2,John Burroughs,0
2017-09-05,Carthage,2,Joplin,1
2017-09-05,Platte County,0,Kearney,2
2017-09-05,Crest Ridge,2,Kingsville,0
2017-09-05,La Monte,0,Kingsville,2
2017-09-05,Fulton,0,Kirksville,2
2017-09-05,Green Ridge,2,Knob Noster,0
2017-09-05,Miami (Amoret),0,Lakeland,2
2017-09-05,Greenfield,0,Lamar,2
2017-09-05,Lexington,2,Lawson,1
2017-09-05,Lee's Summit,2,Lee's Summit North,1
2017-09-05,Blue Springs South,2,Lee's Summit West,0
2017-09-05,Oran,0,Leopold,2
2017-09-05,Meadow Heights,0,Lesterville,2
2017-09-05,Jasper,2,Liberal,0
2017-09-05,Liberty North,0,Liberty,2
2017-09-05,Cabool,1,Licking,2
2017-09-05,Seckman,0,Lindbergh,2
2017-09-05,Dixon,0,Linn,2
2017-09-05,St. Paul Lutheran (Concordia),0,Lutheran (Kansas City),2
2017-09-05,St. Joseph's Academy,2,Lutheran St. Charles,1
2017-09-05,Verona,0,Marionville,2
2017-09-05,St. Paul Lutheran (Farmington),2,Marquand-Zion,0
2017-09-05,Hillcrest,0,Marshfield,2
2017-09-05,Bronaugh,0,McAuley Catholic,2
2017-09-05,Exeter,0,McAuley Catholic,2
2017-09-05,Hazelwood West,2,McCluer North,0
2017-09-05,Soldan International Studies,2,McKinley Classical Leadership,0
2017-09-05,Roosevelt,0,Metro,2
2017-09-05,Lutheran North,0,MICDS,2
2017-09-05,St. Joseph Christian,2,Mid-Buchanan,0
2017-09-05,Santa Fe,2,Midway,0
2017-09-05,Lockwood,2,Miller,1
2017-09-05,Transportation and Law,0,Miller Career Academy,2
2017-09-05,Union,1,Montgomery County,2
2017-09-05,Mehlville,0,Nerinx Hall,2
2017-09-05,Diamond,0,New Heights Christian,2
2017-09-05,Calvary Lutheran,2,North Callaway,0
2017-09-05,Lone Jack,2,North Platte,1
2017-09-05,Hancock,2,North Technical,0
2017-09-05,West Plains,2,Northeast (Kansas City),0
2017-09-05,Hume,1,Northeast Vernon County,2
2017-09-05,Grain Valley,0,Northland Christian,2
2017-09-05,Ste. Genevieve,2,Notre Dame (Cape Girardeau),1
2017-09-05,Fort Osage,0,Oak Park,2
2017-09-05,Waynesville,0,Osage,2
2017-09-05,Bourbon,0,Owensville,2
2017-09-05,Logan-Rogersville,2,Ozark,1
2017-09-05,Webster Groves,2,Parkway South,0
2017-09-05,Parkway Central,2,Pattonville,0
2017-09-05,Cameron,2,Penney,0
2017-09-05,Monett,2,Pierce City,1
2017-09-05,Orrick,2,Plattsburg,0
2017-09-05,Thomas Jefferson Independent Day,0,Purdy,2
2017-09-05,Sikeston,2,Puxico,0
2017-09-05,Park Hill,0,Raymore-Peculiar,2
2017-09-05,St. Charles,2,Raytown,0
2017-09-05,Ladue Horton Watkins,2,Ritenour,0
2017-09-05,Hazelwood Central,2,Riverview Gardens,0
2017-09-05,Hermann,2,Rock Bridge,1
2017-09-05,Parkway West,2,Rockwood Summit,0
2017-09-05,Jefferson City,2,Rolla,0
2017-09-05,Ursuline Academy,2,Springfield Catholic,0
2017-09-05,Central (St. Joseph),2,Ruskin,0
2017-09-05,East Newton,0,Sarcoxie,2
2017-09-05,Woodland,2,Saxony Lutheran,1
2017-09-05,Kennett,2,Seneca,1
2017-09-05,Golden City,2,Sheldon,0
2017-09-05,Osceola,1,Skyline,2
2017-09-05,St. Pius X (Kansas City),2,Savannah,0
2017-09-05,Warsaw,2,Smithton,1
2017-09-05,Excelsior Springs,2,Sparta,0
2017-09-05,Wright City,2,South Iron,0
2017-09-05,Portageville,0,Summersville,2
2017-09-05,Orchard Farm,2,St. Charles,1
2017-09-05,Kingston,0,St. Clair,2
2017-09-05,Herculaneum,0,St. Pius X (Festus),2
2017-09-05,Crystal City,0,St. Vincent,2
2017-09-05,Belle,0,Webb City,2
2017-09-05,Notre Dame de Sion,2,Summit Christian Academy,0
2017-09-05,South Harrison,0,Trenton,2
2017-09-05,Greenville,0,St. Clair,2
2017-09-05,Raytown South,2,Versailles,0
2017-09-05,Incarnate Word Academy,2,Visitation Academy,1
2017-09-05,Center,0,Warrensburg,2
2017-09-05,Seneca,0,Webb City,2
2017-09-05,Oak Grove,2,Wellington-Napoleon,1
2017-09-05,Poplar Bluff,2,West Plains,0
2017-09-05,Lutheran South,2,Westminster Christian Academy,0
2017-09-05,Notre Dame (St. Louis),2,Whitfield,1
2017-09-05,Glendale,0,Willard,2
2017-09-05,North Kansas City,2,William Chrisman,0
2017-09-05,Otterville,0,Windsor,2
2017-09-05,Perryville,2,Windsor (Imperial),0
2017-09-05,Warrenton,0,Winfield,2
2017-09-05,Eminence,0,Winona,2
2017-09-05,Oak Ridge,2,Zalma,0
2017-09-06,Oak Ridge,2,Bell City,0
2017-09-06,Clayton,0,Brentwood,2
2017-09-06,St. Michael the Archangel,2,Center,0
2017-09-06,Lincoln College Prep,2,Central (Kansas City),0
2017-09-06,Hogan Prep Academy Charter,0,Cristo Rey,2
2017-09-06,Ste. Genevieve,2,DeSoto,0
2017-09-06,Frontier School of Excellence Charter,0,East (Kansas City),2
2017-09-06,Washington,1,Eureka,2
2017-09-06,St. Pius X (Festus),2,Farmington,0
2017-09-06,Battle,0,Father Tolton,2
2017-09-06,Soldan International Studies,1,Gateway,2
2017-09-06,Lift for Life Academy Charter,1,Hancock,2
2017-09-06,Benton,2,Harrisonville,0
2017-09-06,Trinity Catholic,2,Hazelwood Central,0
2017-09-06,North County,0,Herculaneum,2
2017-09-06,Riverview Gardens,1,Jennings,2
2017-09-06,St. Teresa's Academy,2,Kearney,0
2017-09-06,Potosi,2,Kingston,0
2017-09-06,Valley,2,Kingston,1
2017-09-06,Central (St. Joseph),2,Lafayette (St. Joseph),0
2017-09-06,Kirkwood,0,Lafayette (Wildwood),2
2017-09-06,Chillicothe,2,Lafayette County,0
2017-09-06,McCluer South-Berkeley,1,McCluer,2
2017-09-06,Cleveland NJROTC,2,McKinley Classical Leadership,1
2017-09-06,Ritenour,0,Mehlville,2
2017-09-06,Transportation and Law,0,Metro,2
2017-09-06,Collegiate School of Med-Bio Science,0,Miller Career Academy,2
2017-09-06,Hazelwood East,2,North Technical,0
2017-09-06,Frontier School of Excellence Charter,0,Northeast (Kansas City),2
2017-09-06,Parkway North,0,Northwest (Cedar Hill),2
2017-09-06,Sacred Heart,2,Otterville,0
2017-09-06,Park Hill South,0,Park Hill,2
2017-09-06,Valley,0,Potosi,2
2017-09-06,Carnahan,2,Roosevelt,0
2017-09-06,Jackson,2,Seckman,0
2017-09-06,Waynesville,0,West Plains,2
2017-09-06,Saxony Lutheran,0,Valle Catholic,2
2017-09-06,Notre Dame (St. Louis),2,Westminster Christian Academy,1
2017-09-07,Crest Ridge,2,Archie,1
2017-09-07,Lockwood,0,Ash Grove,2
2017-09-07,Lutheran (Kansas City),0,Barstow,2
2017-09-07,Fort Osage,2,Belton,0
2017-09-07,Sparta,1,Benton,2
2017-09-07,Dexter,2,Bernie,0
2017-09-07,Crane,0,Billings,2
2017-09-07,California,0,Blair Oaks,2
2017-09-07,Central (Cape Girardeau),0,Bloomfield,2
2017-09-07,Lee's Summit,1,Blue Springs South,2
2017-09-07,Crystal City,2,Bourbon,0
2017-09-07,Logan-Rogersville,2,Branson,0
2017-09-07,Central (Springfield),2,Buffalo,0
2017-09-07,Calhoun,0,Bunceton,2
2017-09-07,Savannah,2,Cameron,1
2017-09-07,McDonald County,0,Carl Junction,2
2017-09-07,Collegiate School of Med-Bio Science,1,Carnahan,1
2017-09-07,Marshall,2,Carrollton,0
2017-09-07,Nevada,2,Center,0
2017-09-07,Oran,1,Central (New Madrid County),2
2017-09-07,St. Charles,2,Central (St. Joseph),0
2017-09-07,Pleasant Hope,1,Chadwick,2
2017-09-07,Bishop LeBlond,2,Chillicothe,1
2017-09-07,Parkway Central,2,Clayton,0
2017-09-07,Puxico,2,Clearwater,1
2017-09-07,Lone Jack,2,Concordia,0
2017-09-07,Lift for Life Academy Charter,2,Confluence Prep Academy Charter,0
2017-09-07,Holcomb,0,Cooter,2
2017-09-07,St. Clair,2,Cuba,0
2017-09-07,Southwest (Washburn),2,Diamond,3
2017-09-07,Butler,2,Drexel,0
2017-09-07,Notre Dame (St. Louis),0,Duchesne,2
2017-09-07,Cassville,2,East Newton,0
2017-09-07,Lamar,1,El Dorado Springs,2
2017-09-07,Bunker,0,Eminence,2
2017-09-07,Osage,2,Eugene,0
2017-09-07,Lafayette (Wildwood),2,Eureka,1
2017-09-07,Niangua,2,Everton,0
2017-09-07,Willard,2,Fair Grove,1
2017-09-07,Windsor (Imperial),0,Festus,2
2017-09-07,Plato,1,Fordland,2
2017-09-07,Ava,1,Forsyth,2
2017-09-07,West County,0,Fredericktown,2
2017-09-07,Ft. Zumwalt East,2,Ft. Zumwalt North,0
2017-09-07,Francis Howell,2,Ft. Zumwalt West,0
2017-09-07,Boonville,0,Fulton,2
2017-09-07,Exeter,0,Galena,2
2017-09-07,McKinley Classical Leadership,0,Gateway,2
2017-09-07,Collegiate School of Med-Bio Science,1,Gateway,2
2017-09-07,Platte County,2,Grandview,0
2017-09-07,Golden City,1,Greenfield,2
2017-09-07,Campbell,2,Hayti,1
2017-09-07,Grandview (Hillsboro),2,Herculaneum,1
2017-09-07,Parkview,2,Hillcrest,1
2017-09-07,Harrisonville,0,Holden,2
2017-09-07,Aurora,2,Hollister,0
2017-09-07,Conway,0,Houston,2
2017-09-07,Lakeland,0,Hume,2
2017-09-07,Villa Duchesne,1,Incarnate Word Academy,2
2017-09-07,St. Vincent,1,Jefferson (Festus),2
2017-09-07,Waynesville,0,Jefferson City,2
2017-09-07,University City,1,Jennings,2
2017-09-07,Camdenton,0,Kickapoo,2
2017-09-07,Trenton,0,Kirksville,2
2017-09-07,Parkway West,0,Kirkwood,2
2017-09-07,Cabool,2,Koshkonong,0
2017-09-07,Affton,0,Ladue Horton Watkins,2
2017-09-07,Maryville,1,Lafayette (St. Joseph),2
2017-09-07,West Plains,0,Lebanon,2
2017-09-07,Blue Springs,0,Lee's Summit West,2
2017-09-07,Advance,2,Leopold,0
2017-09-07,McAuley Catholic,0,Liberal,2
2017-09-07,Holt,1,Liberty (Wentzville),2
2017-09-07,Grain Valley,2,Liberty North,0
2017-09-07,Hogan Prep Academy Charter,0,Lincoln College Prep,2
2017-09-07,Bayless,0,Lutheran North,2
2017-09-07,Ursuline Academy,1,Lutheran South,2
2017-09-07,Fox,0,Marquette,2
2017-09-07,Lindbergh,0,Mehlville,2
2017-09-07,Soldan International Studies,0,Metro,2
2017-09-07,Miller Career Academy,0,Metro,2
2017-09-07,Hannibal,2,Mexico,0
2017-09-07,Marionville,0,Miller,2
2017-09-07,West Plains,1,Miller Career Academy,1
2017-09-07,Neosho,2,Monett,0
2017-09-07,Winona,2,Mountain Grove,0
2017-09-07,Centralia,0,New Haven,2
2017-09-07,Seneca,2,New Heights Christian,0
2017-09-07,Helias Catholic,2,Nixa,0
2017-09-07,McCluer South-Berkeley,2,Normandy Collaborative,0
2017-09-07,Montgomery County,2,North Callaway,0
2017-09-07,Bismarck,0,North County,2
2017-09-07,Ruskin,0,North Kansas City,2
2017-09-07,Senath-Hornersville,1,North Pemiscot,2
2017-09-07,Lathrop,2,North Platte,0
2017-09-07,Liberty,1,Oak Park,2
2017-09-07,Seckman,0,Oakville,2
2017-09-07,Versailles,0,Odessa,2
2017-09-07,Fatima,2,Owensville,0
2017-09-07,Rockwood Summit,2,Pacific,0
2017-09-07,Raytown,0,Park Hill South,2
2017-09-07,Northwest (Cedar Hill),2,Parkway South,0
2017-09-07,Parkway North,0,Pattonville,2
2017-09-07,Northland Christian,2,Pembroke Hill,0
2017-09-07,Lawson,2,Penney,0
2017-09-07,DeSoto,0,Perryville,2
2017-09-07,Mt. Vernon,2,Pierce City,0
2017-09-07,Mid-Buchanan,2,Plattsburg,0
2017-09-07,Oak Grove,0,Pleasant Hill,2
2017-09-07,Kennett,2,Portageville,1
2017-09-07,Arcadia Valley,2,Potosi,0
2017-09-07,Lee's Summit North,1,Raymore-Peculiar,2
2017-09-07,Winnetonka,2,Raytown South,0
2017-09-07,Carthage,2,Reeds Spring,0
2017-09-07,Thayer,1,Reeds Spring,1
2017-09-07,Wellington-Napoleon,2,Richmond,0
2017-09-07,Savannah,0,Rock Bridge,2
2017-09-07,St. James,0,Rock Port,2
2017-09-07,Joplin,2,Rolla,0
2017-09-07,Collegiate School of Med-Bio Science,2,Roosevelt,0
2017-09-07,Metro,0,Springfield Catholic,2
2017-09-07,Versailles,2,Sarcoxie,0
2017-09-07,Licking,2,Salem,0
2017-09-07,Sacred Heart,0,Santa Fe,2
2017-09-07,Blue Eye,0,School of the Ozarks,2
2017-09-07,Poplar Bluff,2,Sikeston,0
2017-09-07,Knob Noster,1,Smithton,2
2017-09-07,Transportation and Law,0,Soldan International Studies,2
2017-09-07,Caruthersville,0,Summersville,2
2017-09-07,Northeast (Kansas City),2,Southeast,0
2017-09-07,Hickman,2,Southern Boone,0
2017-09-07,Delta (Deering),2,Southland,0
2017-09-07,Hurley,2,Union,1
2017-09-07,Clever,2,Spokane,0
2017-09-07,St. Charles,2,St. Charles West,0
2017-09-07,St. Joseph's Academy,0,St. Dominic,2
2017-09-07,St. Pius X (Kansas City),2,St. Michael the Archangel,1
2017-09-07,Bolivar,2,Stockton,0
2017-09-07,Eldon,2,Willard,0
2017-09-07,Willow Springs,2,Thayer,0
2017-09-07,Francis Howell North,0,Timberland,2
2017-09-07,Francis Howell Central,2,Troy Buchanan,0
2017-09-07,Malden,1,St. Clair,2
2017-09-07,Greenville,2,Valley,1
2017-09-07,Wright City,2,Valley Park,0
2017-09-07,West Plains,2,Waynesville,0
2017-09-07,Bishop DuBourg,0,Veritas Christian Academy,2
2017-09-07,Jasper,2,Verona,0
2017-09-07,Belle,0,Viburnum,2
2017-09-07,John Burroughs,0,Visitation Academy,2
2017-09-07,Clinton,0,Warrensburg,2
2017-09-07,Orchard Farm,1,Warrenton,2
2017-09-07,Skyline,2,Warsaw,0
2017-09-07,Ft. Zumwalt South,0,Washington,2
2017-09-07,MICDS,1,Webster Groves,2
2017-09-07,East Buchanan,0,West Platte,2
2017-09-07,Thomas Jefferson Independent Day,0,Wheaton,2
2017-09-07,Staley,2,William Chrisman,0
2017-09-07,Zalma,0,Woodland,3
2017-09-08,Leopold,0,Arcadia Valley,2
2017-09-08,Eminence,0,Arcadia Valley,2
2017-09-08,Hancock,2,Bayless,0
2017-09-08,South Iron,2,Bell City,0
2017-09-08,Wright City,2,Bismarck,0
2017-09-08,Wright City,0,Bloomfield,2
2017-09-08,Koshkonong,0,Bradleyville,2
2017-09-08,Crossroads College Preparatory,2,Brentwood,1
2017-09-08,Ellington,1,Campbell,1
2017-09-08,Oak Ridge,1,Campbell,1
2017-09-08,Clearwater,1,Caruthersville,1
2017-09-08,Oran,1,Caruthersville,1
2017-09-08,Portageville,1,Central (Cape Girardeau),1
2017-09-08,Greenville,0,Central (Cape Girardeau),2
2017-09-08,New Haven,2,Central (New Madrid County),0
2017-09-08,Notre Dame (Cape Girardeau),2,Central (New Madrid County),0
2017-09-08,Meadow Heights,2,Charleston,0
2017-09-08,South Iron,1,Clarkton,1
2017-09-08,Holcomb,0,Clearwater,2
2017-09-08,Viburnum,2,Cooter,0
2017-09-08,Puxico,2,Cooter,0
2017-09-08,Lesterville,2,DeSoto,0
2017-09-08,Woodland,2,DeSoto,0
2017-09-08,Leopold,1,Eminence,1
2017-09-08,New Haven,2,Eminence,0
2017-09-08,Chadwick,2,Everton,0
2017-09-08,St. Vincent,0,Farmington,2
2017-09-08,Metro,2,Gateway,0
2017-09-08,Jackson,2,Grandview (Hillsboro),0
2017-09-08,Winona,2,Grandview (Hillsboro),0
2017-09-08,Portageville,1,Greenville,1
2017-09-08,Southland,0,Greenville,2
2017-09-08,University City,0,Hazelwood East,2
2017-09-08,Clarkton,0,Hazelwood West,2
2017-09-08,Bell City,0,Hazelwood West,2
2017-09-08,New Haven,1,Hillsboro,1
2017-09-08,Notre Dame (Cape Girardeau),2,Hillsboro,0
2017-09-08,Oran,2,Holcomb,0
2017-09-08,Saxony Lutheran,2,Jackson,0
2017-09-08,Jefferson (Festus),0,Lesterville,2
2017-09-08,Trinity Catholic,0,Lutheran St. Charles,2
2017-09-08,Puxico,0,Malden,2
2017-09-08,Cooter,0,Malden,2
2017-09-08,Viburnum,0,Malden,2
2017-09-08,Valley Park,0,Maplewood-Richmond Hts.,2
2017-09-08,Whitfield,2,MICDS,0
2017-09-08,Collegiate School of Med-Bio Science,0,Miller Career Academy,2
2017-09-08,Summersville,0,Oak Ridge,2
2017-09-08,Ellington,0,Oak Ridge,2
2017-09-08,Green Ridge,2,Otterville,0
2017-09-08,Affton,0,Parkway West,2
2017-09-08,Southland,1,Portageville,1
2017-09-08,Viburnum,2,Puxico,0
2017-09-08,Kennett,2,Richland (Essex),0
2017-09-08,Zalma,2,Richland (Essex),0
2017-09-08,Webster Groves,2,Riverview Gardens,0
2017-09-08,Bunceton,2,Sarcoxie,0
2017-09-08,Hurley,0,School of the Ozarks,2
2017-09-08,Kennett,1,Seneca,1
2017-09-08,Zalma,0,Seneca,2
2017-09-08,Arcadia Valley,2,Seckman,0
2017-09-08,Eminence,2,Seckman,0
2017-09-08,St. Clair,2,Senath-Hornersville,0
2017-09-08,Meadow Heights,2,Senath-Hornersville,0
2017-09-08,Bismarck,0,Sikeston,2
2017-09-08,Bloomfield,2,Sikeston,0
2017-09-08,Ellington,1,Summersville,1
2017-09-08,Herculaneum,2,St. James,0
2017-09-08,Calvary Lutheran,0,St. Vincent,2
2017-09-08,Carnahan,1,West Plains,2
2017-09-08,Charleston,0,St. Clair,2
2017-09-08,Saxony Lutheran,0,Winona,2
2017-09-08,Jefferson (Festus),2,Woodland,0
2017-09-09,New Haven,2,Arcadia Valley,1
2017-09-09,St. Vincent,1,Arcadia Valley,1
2017-09-09,Eminence,0,Arcadia Valley,2
2017-09-09,Leopold,0,Arcadia Valley,2
2017-09-09,Sherwood,2,Archie,0
2017-09-09,Chilhowee,2,Archie,0
2017-09-09,Kingsville,2,Archie,0
2017-09-09,Wheaton,0,Ash Grove,2
2017-09-09,Pierce City,0,Ash Grove,2
2017-09-09,New Heights Christian,2,Ash Grove,0
2017-09-09,Miller,2,Ash Grove,0
2017-09-09,Plato,2,Ava,0
2017-09-09,Doniphan,1,Ava,1
2017-09-09,Willow Springs,2,Ava,0
2017-09-09,Mountain Grove,2,Ava,0
2017-09-09,Portageville,2,Bell City,0
2017-09-09,Clarkton,2,Bell City,0
2017-09-09,Charleston,2,Bell City,1
2017-09-09,Pierce City,0,Billings,2
2017-09-09,Miller,1,Billings,1
2017-09-09,Fair Grove,2,Billings,0
2017-09-09,New Heights Christian,1,Billings,2
2017-09-09,Bloomfield,2,Bismarck,0
2017-09-09,Liberty (Mountain View),2,Blair Oaks,0
2017-09-09,West Plains,1,Blair Oaks,2
2017-09-09,New Haven,1,Bloomfield,2
2017-09-09,Saxony Lutheran,2,Bloomfield,0
2017-09-09,Notre Dame (Cape Girardeau),0,Bloomfield,2
2017-09-09,Wright City,0,Bloomfield,2
2017-09-09,Greenville,1,Blue Eye,1
2017-09-09,St. Teresa's Academy,0,Blue Springs South,2
2017-09-09,Lincoln,0,Bolivar,2
2017-09-09,Conway,0,Bolivar,2
2017-09-09,Sarcoxie,1,Bolivar,1
2017-09-09,Crane,0,Bolivar,2
2017-09-09,Warrenton,2,Bourbon,0
2017-09-09,Fulton,1,Bowling Green,1
2017-09-09,Eldon,2,Bowling Green,0
2017-09-09,Owensville,2,Bowling Green,0
2017-09-09,California,2,Bowling Green,0
2017-09-09,Sheldon,0,Bronaugh,2
2017-09-09,Thomas Jefferson Independent Day,2,Bronaugh,0
2017-09-09,Exeter,2,Bronaugh,1
2017-09-09,Excelsior Springs,2,Brookfield,0
2017-09-09,Richmond,2,Brookfield,0
2017-09-09,Crane,0,Buffalo,2
2017-09-09,Stockton,0,Buffalo,2
2017-09-09,Sarcoxie,2,Buffalo,0
2017-09-09,Licking,2,Bunker,0
2017-09-09,Thayer,1,Bunker,1
2017-09-09,Licking,0,Cabool,2
2017-09-09,Willow Springs,0,Cabool,2
2017-09-09,Bunker,0,Cabool,2
2017-09-09,Salem,1,Cabool,1
2017-09-09,Thayer,0,Cabool,2
2017-09-09,Hillcrest,0,Camdenton,2
2017-09-09,Jefferson City,2,Camdenton,0
2017-09-09,Willard,2,Camdenton,0
2017-09-09,Joplin,2,Camdenton,0
2017-09-09,Webb City,1,Camdenton,1
2017-09-09,Waynesville,0,Camdenton,2
2017-09-09,North Platte,0,Cameron,2
2017-09-09,Wellington-Napoleon,2,Cameron,0
2017-09-09,Sparta,2,Cameron,0
2017-09-09,Lathrop,2,Cameron,0
2017-09-09,Summersville,0,Campbell,2
2017-09-09,Viburnum,2,Campbell,1
2017-09-09,Lawson,2,Carrollton,0
2017-09-09,Penney,0,Carrollton,2
2017-09-09,Bishop LeBlond,2,Carrollton,0
2017-09-09,Holcomb,0,Caruthersville,2
2017-09-09,Seneca,1,Caruthersville,1
2017-09-09,Central (Cape Girardeau),2,Caruthersville,0
2017-09-09,Harrisonville,2,Center,0
2017-09-09,Raytown,2,Center,0
2017-09-09,Grandview,1,Center,1
2017-09-09,Southland,0,Central (Cape Girardeau),2
2017-09-09,Clarkton,0,Central (Cape Girardeau),2
2017-09-09,Viburnum,2,Central (Cape Girardeau),0
2017-09-09,Woodland,2,Central (New Madrid County),0
2017-09-09,Odessa,0,Central (St. Joseph),2
2017-09-09,William Chrisman,0,Central (St. Joseph),2
2017-09-09,Raytown South,0,Central (St. Joseph),2
2017-09-09,Harrisonville,0,Central (St. Joseph),2
2017-09-09,South Iron,2,Charleston,0
2017-09-09,Puxico,1,Charleston,1
2017-09-09,Sherwood,2,Chilhowee,0
2017-09-09,Kingsville,2,Chilhowee,0
2017-09-09,Excelsior Springs,2,Chillicothe,0
2017-09-09,Lawson,2,Chillicothe,0
2017-09-09,Brookfield,0,Chillicothe,2
2017-09-09,Richmond,1,Chillicothe,1
2017-09-09,Bishop LeBlond,2,Chillicothe,0
2017-09-09,Oran,0,Clearwater,2
2017-09-09,Greenville,1,Clearwater,1
2017-09-09,Sarcoxie,2,Conway,0
2017-09-09,Lincoln,2,Conway,0
2017-09-09,Southland,0,Cooter,2
2017-09-09,Oran,2,Cooter,0
2017-09-09,Webster Groves,0,Cor Jesu Academy,2
2017-09-09,Stockton,0,Crane,2
2017-09-09,Herculaneum,0,Cuba,2
2017-09-09,Confluence Prep Academy Charter,0,Cuba,2
2017-09-09,Warrenton,2,Cuba,1
2017-09-09,Central (New Madrid County),0,DeSoto,2
2017-09-09,Hillsboro,1,DeSoto,1
2017-09-09,Jefferson (Festus),2,DeSoto,0
2017-09-09,Willow Springs,2,Doniphan,0
2017-09-09,Mountain Grove,2,Doniphan,0
2017-09-09,Plato,2,Doniphan,0
2017-09-09,Mid-Buchanan,2,East Buchanan,0
2017-09-09,Wellington-Napoleon,2,East Buchanan,0
2017-09-09,Orrick,0,East Buchanan,2
2017-09-09,Lathrop,0,East Buchanan,2
2017-09-09,California,1,Eldon,2
2017-09-09,New Haven,2,Eminence,0
2017-09-09,North Kansas City,0,Eureka,2
2017-09-09,Park Hill,0,Eureka,2
2017-09-09,Logan-Rogersville,2,Eureka,1
2017-09-09,Grain Valley,1,Eureka,1
2017-09-09,Notre Dame de Sion,1,Eureka,2
2017-09-09,Richmond,0,Excelsior Springs,2
2017-09-09,Bishop LeBlond,2,Excelsior Springs,1
2017-09-09,McAuley Catholic,2,Exeter,0
2017-09-09,Pleasant Hope,2,Exeter,0
2017-09-09,Wheaton,0,Fair Grove,2
2017-09-09,Miller,0,Fair Grove,2
2017-09-09,Jackson,2,Farmington,0
2017-09-09,Lesterville,0,Farmington,2
2017-09-09,Woodland,1,Farmington,2
2017-09-09,Calvary Lutheran,0,Farmington,2
2017-09-09,Leopold,0,Farmington,2
2017-09-09,Nixa,2,Fatima,0
2017-09-09,Webb City,2,Festus,0
2017-09-09,Windsor (Imperial),0,Festus,2
2017-09-09,Fredericktown,0,Festus,2
2017-09-09,Ste. Genevieve,1,Festus,1
2017-09-09,Central (Park Hills),1,Festus,2
2017-09-09,St. Michael the Archangel,1,Fort Osage,1
2017-09-09,Troy Buchanan,0,Francis Howell,2
2017-09-09,Webb City,2,Fredericktown,0
2017-09-09,Ste. Genevieve,0,Fredericktown,2
2017-09-09,Windsor (Imperial),1,Fredericktown,1
2017-09-09,North County,1,Fredericktown,2
2017-09-09,Owensville,1,Fulton,1
2017-09-09,Eldon,2,Fulton,0
2017-09-09,Kirksville,2,Fulton,0
2017-09-09,Fatima,2,Glendale,0
2017-09-09,Oak Park,2,Glendale,1
2017-09-09,Nixa,2,Glendale,0
2017-09-09,Kickapoo,2,Glendale,1
2017-09-09,Sikeston,1,Grandview (Hillsboro),1
2017-09-09,Saxony Lutheran,2,Grandview (Hillsboro),0
2017-09-09,Portageville,0,Greenville,2
2017-09-09,Viburnum,2,Greenville,0
2017-09-09,Southland,0,Greenville,2
2017-09-09,Grandview,0,Harrisonville,2
2017-09-09,Raytown,1,Harrisonville,1
2017-09-09,William Chrisman,2,Harrisonville,1
2017-09-09,South Iron,0,Hazelwood West,2
2017-09-09,Clearwater,0,Hazelwood West,2
2017-09-09,Seneca,0,Hazelwood West,2
2017-09-09,Malden,2,Hazelwood West,0
2017-09-09,Campbell,1,Hazelwood West,1
2017-09-09,Confluence Prep Academy Charter,0,Herculaneum,2
2017-09-09,Warrenton,2,Herculaneum,1
2017-09-09,Sacred Heart,0,Hillcrest,2
2017-09-09,Clever,2,Hillcrest,0
2017-09-09,Willard,2,Hillcrest,0
2017-09-09,Central (New Madrid County),0,Hillsboro,2
2017-09-09,Sikeston,1,Hillsboro,2
2017-09-09,Bismarck,0,Hillsboro,2
2017-09-09,Notre Dame (Cape Girardeau),2,Hillsboro,0
2017-09-09,Southland,2,Holcomb,1
2017-09-09,Zalma,2,Holcomb,0
2017-09-09,Winona,1,Jackson,1
2017-09-09,St. Vincent,1,Jackson,2
2017-09-09,Bloomfield,2,Jackson,0
2017-09-09,Saxony Lutheran,1,Jackson,2
2017-09-09,Bismarck,0,Jackson,2
2017-09-09,Liberal,2,Jasper,0
2017-09-09,Hillcrest,1,Jefferson City,1
2017-09-09,Clever,1,Jefferson City,1
2017-09-09,Webb City,0,Jefferson City,2
2017-09-09,Willard,2,Jefferson City,0
2017-09-09,Willard,2,Joplin,0
2017-09-09,Clever,0,Joplin,2
2017-09-09,Waynesville,0,Joplin,2
2017-09-09,Webb City,0,Joplin,2
2017-09-09,St. Pius X (Kansas City),2,Kearney,0
2017-09-09,Notre Dame de Sion,1,Kearney,1
2017-09-09,Fatima,0,Kickapoo,2
2017-09-09,Oak Park,0,Kickapoo,2
2017-09-09,Nixa,2,Kickapoo,1
2017-09-09,Sherwood,1,Kingsville,1
2017-09-09,Versailles,2,Kirksville,0
2017-09-09,California,2,Kirksville,0
2017-09-09,Savannah,0,Kirksville,2
2017-09-09,Rockwood Summit,0,Ladue Horton Watkins,2
2017-09-09,Mehlville,2,Ladue Horton Watkins,0
2017-09-09,Marquette,1,Ladue Horton Watkins,1
2017-09-09,Rock Bridge,0,Ladue Horton Watkins,2
2017-09-09,Parkway South,0,Ladue Horton Watkins,2
2017-09-09,Orrick,2,Lathrop,0
2017-09-09,North Platte,1,Lathrop,2
2017-09-09,Bishop LeBlond,1,Lawson,1
2017-09-09,Penney,0,Lawson,2
2017-09-09,Excelsior Springs,2,Lawson,0
2017-09-09,Battle,0,Lee's Summit West,2
2017-09-09,Woodland,0,Lesterville,2
2017-09-09,New Haven,2,Lesterville,0
2017-09-09,Jefferson (Festus),1,Lesterville,2
2017-09-09,St. Michael the Archangel,2,Liberty North,0
2017-09-09,Thayer,0,Licking,2
2017-09-09,Plato,1,Licking,2
2017-09-09,Mountain Grove,0,Licking,2
2017-09-09,Liberty (Wentzville),2,Lift for Life Academy Charter,0
2017-09-09,Stockton,2,Lincoln,0
2017-09-09,Sarcoxie,2,Lincoln,0
2017-09-09,Winnetonka,0,Logan-Rogersville,2
2017-09-09,Raymore-Peculiar,0,Logan-Rogersville,1
2017-09-09,Fort Osage,0,Logan-Rogersville,2
2017-09-09,St. Michael the Archangel,0,Logan-Rogersville,2
2017-09-09,Platte County,0,Logan-Rogersville,2
2017-09-09,Kennett,0,Malden,2
2017-09-09,St. Clair,1,Malden,1
2017-09-09,Viburnum,0,Malden,2
2017-09-09,Clarkton,0,Malden,2
2017-09-09,Rockwood Summit,0,Marquette,2
2017-09-09,Parkway Central,0,Marquette,2
2017-09-09,Mehlville,0,Marquette,2
2017-09-09,Kennett,2,Meadow Heights,1
2017-09-09,Viburnum,0,Meadow Heights,2
2017-09-09,Rockwood Summit,0,Mehlville,2
2017-09-09,Northwest (Cedar Hill),0,Mehlville,2
2017-09-09,Plattsburg,0,Mid-Buchanan,2
2017-09-09,Wellington-Napoleon,2,Mid-Buchanan,0
2017-09-09,New Heights Christian,0,Miller,2
2017-09-09,Billings,2,Monett,0
2017-09-09,New Heights Christian,2,Monett,0
2017-09-09,Miller,2,Monett,0
2017-09-09,Fair Grove,2,Monett,0
2017-09-09,Willow Springs,1,Mountain Grove,1
2017-09-09,Plato,0,Mountain Grove,2
2017-09-09,Notre Dame (Cape Girardeau),1,New Haven,1
2017-09-09,Pattonville,1,North County,1
2017-09-09,Webb City,1,North County,1
2017-09-09,Central (Park Hills),1,North County,1
2017-09-09,Windsor (Imperial),2,North County,0
2017-09-09,Park Hill,2,North Kansas City,0
2017-09-09,Grain Valley,2,North Kansas City,0
2017-09-09,Kearney,2,North Kansas City,0
2017-09-09,Sparta,2,North Platte,0
2017-09-09,Wellington-Napoleon,2,North Platte,0
2017-09-09,Rock Bridge,0,Northwest (Cedar Hill),2
2017-09-09,Union,0,Northwest (Cedar Hill),2
2017-09-09,Parkway South,0,Northwest (Cedar Hill),2
2017-09-09,Parkway Central,0,Northwest (Cedar Hill),2
2017-09-09,Jefferson (Festus),1,Notre Dame (Cape Girardeau),1
2017-09-09,Calvary Lutheran,0,Notre Dame (Cape Girardeau),2
2017-09-09,Fatima,1,Oak Park,2
2017-09-09,Nixa,2,Oak Park,0
2017-09-09,Kennett,1,Oak Ridge,1
2017-09-09,Ellington,0,Oak Ridge,2
2017-09-09,Raytown South,0,Odessa,2
2017-09-09,William Chrisman,2,Odessa,0
2017-09-09,Raytown,0,Odessa,2
2017-09-09,Southland,0,Oran,2
2017-09-09,South Iron,1,Oran,2
2017-09-09,Puxico,0,Oran,2
2017-09-09,Liberty (Wentzville),2,Orchard Farm,1
2017-09-09,Lift for Life Academy Charter,0,Orchard Farm,2
2017-09-09,Wright City,1,Orchard Farm,2
2017-09-09,Sparta,2,Orrick,1
2017-09-09,Plattsburg,1,Orrick,2
2017-09-09,Eldon,2,Owensville,0
2017-09-09,Versailles,0,Owensville,2
2017-09-09,Grain Valley,1,Park Hill,1
2017-09-09,St. Pius X (Kansas City),2,Park Hill,0
2017-09-09,Parkway North,0,Park Hill,2
2017-09-09,St. Michael the Archangel,0,Park Hill,2
2017-09-09,Rock Bridge,1,Parkway Central,1
2017-09-09,Union,0,Parkway Central,2
2017-09-09,Parkway South,0,Parkway Central,2
2017-09-09,St. Charles,2,Parkway North,0
2017-09-09,Kearney,1,Parkway North,1
2017-09-09,Notre Dame de Sion,1,Parkway North,1
2017-09-09,Rock Bridge,2,Parkway South,0
2017-09-09,Union,0,Parkway South,2
2017-09-09,Lafayette (Wildwood),2,Parkway West,0
2017-09-09,Webb City,2,Pattonville,0
2017-09-09,Central (Park Hills),0,Pattonville,2
2017-09-09,Ste. Genevieve,2,Pattonville,0
2017-09-09,Windsor (Imperial),2,Pattonville,0
2017-09-09,Bishop LeBlond,2,Penney,0
2017-09-09,Wheaton,0,Pierce City,2
2017-09-09,New Heights Christian,2,Pierce City,0
2017-09-09,Willow Springs,2,Plato,0
2017-09-09,Liberty North,0,Platte County,2
2017-09-09,Raymore-Peculiar,1,Platte County,1
2017-09-09,St. Pius X (Kansas City),1,Platte County,1
2017-09-09,Sparta,2,Plattsburg,1
2017-09-09,McAuley Catholic,2,Pleasant Hope,0
2017-09-09,Sheldon,0,Pleasant Hope,2
2017-09-09,Thomas Jefferson Independent Day,2,Pleasant Hope,0
2017-09-09,West Plains,2,Poplar Bluff,0
2017-09-09,Rolla,2,Poplar Bluff,0
2017-09-09,Houston,0,Poplar Bluff,2
2017-09-09,Salem,0,Poplar Bluff,2
2017-09-09,Southland,1,Portageville,1
2017-09-09,St. James,0,Potosi,2
2017-09-09,Cuba,2,Potosi,0
2017-09-09,Warsaw,0,Potosi,2
2017-09-09,Warrenton,2,Potosi,0
2017-09-09,Bourbon,0,Potosi,2
2017-09-09,Richland (Essex),0,Puxico,2
2017-09-09,Liberty North,0,Raymore-Peculiar,2
2017-09-09,St. Pius X (Kansas City),1,Raymore-Peculiar,1
2017-09-09,Winnetonka,0,Raymore-Peculiar,2
2017-09-09,Grain Valley,1,Raymore-Peculiar,2
2017-09-09,Grandview,0,Raytown,2
2017-09-09,William Chrisman,2,Raytown South,0
2017-09-09,Grandview,0,Raytown South,2
2017-09-09,Seneca,2,Richland (Essex),0
2017-09-09,Ellington,2,Richland (Essex),0
2017-09-09,Rock Bridge,2,Rockwood Summit,1
2017-09-09,West Plains,2,Rolla,0
2017-09-09,Houston,0,Rolla,2
2017-09-09,Liberty (Mountain View),2,Rolla,1
2017-09-09,Licking,2,Salem,0
2017-09-09,Willow Springs,2,Salem,0
2017-09-09,Bunker,0,Salem,2
2017-09-09,Thayer,0,Salem,2
2017-09-09,Versailles,1,Savannah,1
2017-09-09,California,2,Savannah,0
2017-09-09,Eldon,2,Savannah,0
2017-09-09,Ellington,0,Seneca,2
2017-09-09,Sikeston,2,Seckman,0
2017-09-09,Leopold,2,Seckman,0
2017-09-09,Calvary Lutheran,2,Seckman,0
2017-09-09,Charleston,0,Senath-Hornersville,2
2017-09-09,Summersville,2,Senath-Hornersville,0
2017-09-09,Cooter,2,Senath-Hornersville,0
2017-09-09,Thomas Jefferson Independent Day,2,Sheldon,0
2017-09-09,Wellington-Napoleon,1,Sherwood,2
2017-09-09,Wright City,1,Sikeston,1
2017-09-09,Wellington-Napoleon,2,Sparta,1
2017-09-09,Summersville,0,South Iron,2
2017-09-09,Zalma,1,South Iron,2
2017-09-09,Zalma,2,Summersville,0
2017-09-09,Cuba,2,St. James,0
2017-09-09,Herculaneum,2,St. James,0
2017-09-09,Confluence Prep Academy Charter,0,St. James,2
2017-09-09,Battle,0,St. James,2
2017-09-09,Liberty North,1,St. Pius X (Kansas City),1
2017-09-09,Fort Osage,0,St. Pius X (Kansas City),2
2017-09-09,Windsor (Imperial),0,Ste. Genevieve,2
2017-09-09,Warrenton,2,Warsaw,0
2017-09-09,Bourbon,0,Warsaw,2
2017-09-09,Herculaneum,2,Warsaw,1
2017-09-09,Central (Park Hills),1,Webb City,1
2017-09-09,Windsor (Imperial),1,Webb City,2
2017-09-09,Winona,1,Wright City,1
2017-09-09,McAuley Catholic,2,Thomas Jefferson Independent Day,0
2017-09-09,Mid-Buchanan,2,Trenton,0
2017-09-09,Plattsburg,2,Trenton,0
2017-09-09,Cameron,1,Trenton,2
2017-09-09,Lathrop,0,Trenton,2
2017-09-09,North Platte,0,Trenton,2
2017-09-09,Notre Dame de Sion,1,St. Charles,1
2017-09-09,Kearney,0,St. Charles,2
2017-09-09,Grain Valley,2,St. Charles,0
2017-09-09,Meadow Heights,2,St. Clair,0
2017-09-09,Oak Ridge,0,St. Clair,2
2017-09-09,Central (Cape Girardeau),2,St. Clair,0
2017-09-09,Rock Bridge,2,Union,0
2017-09-09,Ballard,0,Versailles,2
2017-09-09,Wellington-Napoleon,2,Versailles,0
2017-09-09,California,2,Versailles,0
2017-09-09,Sacred Heart,1,Waynesville,1
2017-09-09,Clever,1,Waynesville,1
2017-09-09,Webb City,2,Waynesville,0
2017-09-09,Sacred Heart,0,Webb City,2
2017-09-09,Houston,0,West Plains,2
2017-09-09,New Heights Christian,1,Wheaton,1
2017-09-09,Sacred Heart,0,Willard,2
2017-09-09,St. Michael the Archangel,1,Winnetonka,1
2017-09-09,Fort Osage,0,Winnetonka,2
2017-09-09,St. Vincent,2,Winona,0
2017-09-09,Liberty (Wentzville),2,Wright City,0
2017-09-09,Lift for Life Academy Charter,0,Wright City,2
2017-09-09,Kennett,2,Zalma,0
2017-09-11,Mt. Vernon,1,Ash Grove,2
2017-09-11,Southwest (Washburn),0,Blue Eye,2
2017-09-11,Hume,0,Bronaugh,2
2017-09-11,Osage,2,Buffalo,1
2017-09-11,Willard,2,Bunceton,0
2017-09-11,Centralia,0,California,2
2017-09-11,East Newton,0,Carthage,2
2017-09-11,Jackson,2,Central (Park Hills),1
2017-09-11,Zalma,2,Charleston,1
2017-09-11,Benton,2,Chillicothe,1
2017-09-11,Parkway West,2,Clayton,0
2017-09-11,Versailles,2,Cole Camp,0
2017-09-11,Kingsville,2,Concordia,1
2017-09-11,Normandy Collaborative,2,Confluence Prep Academy Charter,0
2017-09-11,Springfield Catholic,2,Conway,0
2017-09-11,Affton,2,Crossroads College Preparatory,0
2017-09-11,North Pemiscot,2,Delta (Deering),0
2017-09-11,Woodland,0,Dexter,2
2017-09-11,Plato,2,Dixon,0
2017-09-11,Cristo Rey,0,East (Kansas City),2
2017-09-11,Boonville,0,Eldon,2
2017-09-11,Rock Bridge,0,Fatima,2
2017-09-11,Billings,2,Forsyth,0
2017-09-11,Crystal City,0,Fredericktown,2
2017-09-11,Mexico,2,Fulton,1
2017-09-11,Verona,1,Galena,2
2017-09-11,Cooter,2,Hayti,1
2017-09-11,Hermann,2,Hickman,0
2017-09-11,Branson,2,Hillcrest,0
2017-09-11,Pattonville,0,Incarnate Word Academy,2
2017-09-11,Everton,0,Jasper,2
2017-09-11,West County,0,Jefferson (Festus),2
2017-09-11,Holcomb,1,Kennett,2
2017-09-11,Oak Grove,2,Knob Noster,0
2017-09-11,Adrian,0,Lamar,2
2017-09-11,Willard,2,Lebanon,0
2017-09-11,Meadow Heights,2,Leopold,1
2017-09-11,Otterville,0,Lincoln,2
2017-09-11,Midway,2,Lutheran (Kansas City),0
2017-09-11,Whitfield,0,Lutheran St. Charles,2
2017-09-11,Oran,1,Malden,2
2017-09-11,Winona,2,Marshfield,0
2017-09-11,Jennings,0,McCluer,2
2017-09-11,Owensville,2,Montgomery County,1
2017-09-11,McDonald County,0,Neosho,2
2017-09-11,Cabool,2,Niangua,0
2017-09-11,St. James,0,North Platte,2
2017-09-11,Central (Kansas City),1,Northeast (Kansas City),2
2017-09-11,Advance,2,Notre Dame (Cape Girardeau),0
2017-09-11,Saxony Lutheran,2,Oak Ridge,0
2017-09-11,Green Ridge,1,Osceola,2
2017-09-11,Lee's Summit,2,Park Hill South,1
2017-09-11,Hillsboro,2,Perryville,1
2017-09-11,Exeter,1,Pleasant Hope,2
2017-09-11,Bernie,0,Poplar Bluff,2
2017-09-11,Bell City,1,Puxico,3
2017-09-11,Lawson,2,Richmond,0
2017-09-11,University City,0,Ritenour,2
2017-09-11,McCluer South-Berkeley,2,Roosevelt,0
2017-09-11,Duchesne,2,Springfield Catholic,0
2017-09-11,North Callaway,2,Sarcoxie,0
2017-09-11,Fordland,1,School of the Ozarks,2
2017-09-11,Sarcoxie,2,Seneca,0
2017-09-11,Bloomfield,2,Sikeston,0
2017-09-11,Liberty North,2,Sparta,1
2017-09-11,Central (New Madrid County),2,Summersville,1
2017-09-11,Lincoln College Prep,2,Southeast,0
2017-09-11,Camdenton,2,Southern Boone,0
2017-09-11,Chadwick,0,Spokane,2
2017-09-11,Grandview (Hillsboro),2,St. Clair,1
2017-09-11,Licking,2,St. James,0
2017-09-11,East Buchanan,2,St. Joseph Christian,0
2017-09-11,Nerinx Hall,0,St. Joseph's Academy,2
2017-09-11,Pleasant Hill,2,St. Pius X (Kansas City),0
2017-09-11,Valle Catholic,2,St. Vincent,1
2017-09-11,Potosi,0,Webb City,2
2017-09-11,McCluer North,0,Trinity Catholic,2
2017-09-11,Portageville,0,St. Clair,2
2017-09-11,Cuba,1,Union,2
2017-09-11,Bishop DuBourg,2,Valley Park,0
2017-09-11,Orchard Farm,0,Veritas Christian Academy,2
2017-09-11,St. Joseph's Academy,2,Villa Duchesne,0
2017-09-11,Wright City,0,Warrenton,2
2017-09-11,Northland Christian,2,West Platte,0
2017-09-11,Eminence,2,Willow Springs,1
2017-09-12,Warsaw,0,Adrian,2
2017-09-12,Meadow Heights,0,Advance,2
2017-09-12,Jefferson (Festus),0,Arcadia Valley,2
2017-09-12,Skyline,0,Ash Grove,2
2017-09-12,Marshfield,1,Aurora,2
2017-09-12,Willow Springs,2,Ava,1
2017-09-12,Lakeland,2,Ballard,0
2017-09-12,University Academy Charter,0,Barstow,3
2017-09-12,Jefferson City,2,Battle,0
2017-09-12,Leopold,2,Bell City,0
2017-09-12,Linn,2,Belle,1
2017-09-12,Pembroke Hill,2,Benton,0
2017-09-12,Malden,1,Bernie,2
2017-09-12,Lesterville,2,Bismarck,0
2017-09-12,El Dorado Springs,0,Bolivar,2
2017-09-12,Hannibal,2,Boonville,0
2017-09-12,Neosho,0,Branson,2
2017-09-12,Summit Christian Academy,3,Butler,1
2017-09-12,Bunceton,2,Calhoun,0
2017-09-12,Otterville,0,Calvary Lutheran,2
2017-09-12,Chillicothe,1,Cameron,2
2017-09-12,Summersville,0,Campbell,2
2017-09-12,West Plains,0,Carnahan,2
2017-09-12,Lafayette County,2,Carrollton,1
2017-09-12,Ozark,2,Carthage,0
2017-09-12,Reeds Spring,0,Cassville,2
2017-09-12,Woodland,2,Central (Cape Girardeau),0
2017-09-12,Clarkton,0,Central (New Madrid County),2
2017-09-12,Waynesville,1,Central (Springfield),2
2017-09-12,Montgomery County,0,Centralia,2
2017-09-12,North Callaway,3,Chamois,1
2017-09-12,Ballard,2,Chilhowee,0
2017-09-12,Lakeland,2,Chilhowee,0
2017-09-12,Doniphan,0,Clearwater,2
2017-09-12,Transportation and Law,0,Cleveland NJROTC,2
2017-09-12,Galena,0,Clever,2
2017-09-12,Nevada,2,Clinton,0
2017-09-12,Union,2,Conway,1
2017-09-12,Lafayette (Wildwood),0,Cor Jesu Academy,2
2017-09-12,Valley Park,0,Crossroads College Preparatory,2
2017-09-12,Herculaneum,2,Crystal City,0
2017-09-12,Sherwood,0,Drexel,2
2017-09-12,Valley,0,Ellington,2
2017-09-12,Hallsville,2,Eugene,1
2017-09-12,Purdy,2,Exeter,0
2017-09-12,Springfield Catholic,0,Fair Grove,2
2017-09-12,DeSoto,0,Farmington,2
2017-09-12,Perryville,2,Festus,0
2017-09-12,Rockwood Summit,2,Fox,0
2017-09-12,Ft. Zumwalt West,1,Francis Howell Central,2
2017-09-12,Francis Howell,2,Francis Howell North,1
2017-09-12,Ft. Zumwalt North,0,Ft. Zumwalt South,2
2017-09-12,Waynesville,0,Gateway,2
2017-09-12,Lockwood,2,Golden City,0
2017-09-12,Harrisonville,0,Grain Valley,2
2017-09-12,Winnetonka,2,Grandview,0
2017-09-12,St. Vincent,2,Grandview (Hillsboro),1
2017-09-12,Miller,2,Greenfield,0
2017-09-12,Oak Ridge,2,Greenville,0
2017-09-12,Brentwood,2,Hancock,0
2017-09-12,Delta (Deering),0,Hayti,2
2017-09-12,Hazelwood Central,2,Hazelwood West,1
2017-09-12,Rolla,0,Helias Catholic,2
2017-09-12,Union,0,Hermann,2
2017-09-12,North Pemiscot,2,Holcomb,0
2017-09-12,Knob Noster,0,Holden,2
2017-09-12,Ft. Zumwalt East,1,Holt,2
2017-09-12,Sikeston,0,Jackson,2
2017-09-12,Principia,0,John Burroughs,2
2017-09-12,Raytown South,0,Kearney,2
2017-09-12,Warsaw,2,Kingston,0
2017-09-12,Northwest (Hughesville),2,La Monte,0
2017-09-12,Lindbergh,0,Ladue Horton Watkins,2
2017-09-12,Orrick,0,Lawson,2
2017-09-12,Blue Springs,0,Lee's Summit,2
2017-09-12,Park Hill,2,Lee's Summit North,1
2017-09-12,Raymore-Peculiar,2,Lee's Summit West,0
2017-09-12,Richmond,0,Lexington,2
2017-09-12,Diamond,0,Liberal,2
2017-09-12,Park Hill South,0,Liberty,2
2017-09-12,Houston,0,Liberty (Mountain View),2
2017-09-12,Cole Camp,2,Lincoln,1
2017-09-12,Glendale,0,Logan-Rogersville,2
2017-09-12,Santa Fe,2,Lone Jack,0
2017-09-12,Westminster Christian Academy,2,Lutheran North,0
2017-09-12,MICDS,0,Lutheran South,2
2017-09-12,Veritas Christian Academy,2,Lutheran St. Charles,0
2017-09-12,Bayless,0,Maplewood-Richmond Hts.,2
2017-09-12,Hollister,2,Marionville,0
2017-09-12,Mehlville,2,Marquette,1
2017-09-12,Northland Christian,2,Maryville,0
2017-09-12,McCluer North,2,McCluer,0
2017-09-12,Joplin,2,McDonald County,0
2017-09-12,Soldan International Studies,0,Metro,2
2017-09-12,Kirksville,1,Mexico,2
2017-09-12,Archie,2,Miami (Amoret),0
2017-09-12,McKinley Classical Leadership,0,Miller Career Academy,2
2017-09-12,Cabool,0,Mountain Grove,2
2017-09-12,St. Clair,0,New Haven,2
2017-09-12,St. Joseph Christian,0,Northland Christian,2
2017-09-12,Oakville,1,Northwest (Cedar Hill),2
2017-09-12,St. Joseph's Academy,2,Notre Dame (St. Louis),0
2017-09-12,William Chrisman,0,Oak Park,2
2017-09-12,Excelsior Springs,2,Odessa,1
2017-09-12,Seneca,1,Oran,2
2017-09-12,Sarcoxie,0,Osage,2
2017-09-12,St. James,0,Pacific,2
2017-09-12,Republic,2,Parkview,0
2017-09-12,Kirkwood,2,Parkway North,0
2017-09-12,Eureka,2,Parkway South,1
2017-09-12,Trenton,2,Penney,0
2017-09-12,New Heights Christian,2,Pierce City,0
2017-09-12,Winona,2,Pleasant Hope,0
2017-09-12,Notre Dame (Cape Girardeau),2,Poplar Bluff,0
2017-09-12,Caruthersville,0,Portageville,2
2017-09-12,Zalma,0,Puxico,3
2017-09-12,Blue Springs South,2,Raytown,0
2017-09-12,Sheldon,0,Rich Hill,2
2017-09-12,Dexter,2,Richland (Essex),0
2017-09-12,Hazelwood East,2,Riverview Gardens,0
2017-09-12,Collegiate School of Med-Bio Science,2,Roosevelt,1
2017-09-12,Duchesne,2,Springfield Catholic,0
2017-09-12,Fort Osage,2,Ruskin,0
2017-09-12,Green Ridge,2,Sacred Heart,0
2017-09-12,Thayer,0,Salem,2
2017-09-12,Jasper,0,Sarcoxie,2
2017-09-12,Kennett,2,Senath-Hornersville,0
2017-09-12,Crane,1,Seneca,2
2017-09-12,Windsor,2,Smithton,0
2017-09-12,Bishop LeBlond,2,Sparta,0
2017-09-12,West Platte,2,South Harrison,0
2017-09-12,Warrenton,2,St. Charles,1
2017-09-12,Winfield,2,St. Charles West,0
2017-09-12,Savannah,0,St. Michael the Archangel,2
2017-09-12,Hickman,2,St. Paul Lutheran (Concordia),0
2017-09-12,Warrensburg,0,St. Pius X (Kansas City),2
2017-09-12,North Kansas City,0,Staley,2
2017-09-12,St. Pius X (Festus),1,Ste. Genevieve,2
2017-09-12,Owensville,1,Webb City,2
2017-09-12,McAuley Catholic,2,Thomas Jefferson Independent Day,0
2017-09-12,Willard,1,Tipton,2
2017-09-12,Cardinal Ritter,0,Trinity Catholic,2
2017-09-12,Timberland,2,Troy Buchanan,0
2017-09-12,Liberty North,1,St. Charles,2
2017-09-12,Charleston,0,St. Clair,2
2017-09-12,Parkway West,0,Ursuline Academy,2
2017-09-12,Fredericktown,0,Valle Catholic,2
2017-09-12,Center,0,Versailles,2
2017-09-12,Southwest (Washburn),2,Verona,1
2017-09-12,Southern Boone,2,Versailles,1
2017-09-12,Liberty (Wentzville),0,Washington,2
2017-09-12,Carl Junction,2,Webb City,0
2017-09-12,Parkway Central,0,Webster Groves,2
2017-09-12,East Newton,2,Wheaton,0
2017-09-12,Nixa,1,Willard,2
2017-09-12,Hillsboro,2,Windsor (Imperial),0
2017-09-12,Wright City,0,Winona,2
2017-09-13,Lathrop,0,Bishop LeBlond,2
2017-09-13,Bishop DuBourg,2,Brentwood,0
2017-09-13,Grandview,1,Center,2
2017-09-13,Whitfield,2,Clayton,0
2017-09-13,North Technical,0,Collegiate School of Med-Bio Science,2
2017-09-13,Visitation Academy,0,Eureka,2
2017-09-13,St. Dominic,0,Eureka,2
2017-09-13,Parkway West,1,Eureka,1
2017-09-13,Kirkwood,0,Eureka,2
2017-09-13,Seckman,0,Farmington,2
2017-09-13,Perryville,2,Festus,0
2017-09-13,Webster Groves,1,Francis Howell,1
2017-09-13,Springfield Catholic,0,Francis Howell,2
2017-09-13,Marquette,0,Francis Howell,2
2017-09-13,Lift for Life Academy Charter,0,Gateway,2
2017-09-13,Cleveland NJROTC,0,Gateway Science Charter,2
2017-09-13,Camdenton,0,Glendale,2
2017-09-13,Ritenour,0,Hazelwood Central,2
2017-09-13,Pattonville,2,Hazelwood West,1
2017-09-13,Visitation Academy,1,Kirkwood,1
2017-09-13,St. Dominic,2,Kirkwood,0
2017-09-13,Parkway West,2,Kirkwood,0
2017-09-13,Kickapoo,2,Lebanon,0
2017-09-13,Webster Groves,1,Marquette,1
2017-09-13,Springfield Catholic,0,Marquette,2
2017-09-13,Kingsville,2,Miami (Amoret),0
2017-09-13,Hayti,0,North Pemiscot,2
2017-09-13,Affton,0,Notre Dame (St. Louis),2
2017-09-13,Visitation Academy,1,Parkway West,1
2017-09-13,St. Dominic,0,Parkway West,2
2017-09-13,Central (Cape Girardeau),2,Seneca,1
2017-09-13,Ruskin,1,Southeast,2
2017-09-13,Visitation Academy,0,St. Dominic,2
2017-09-13,Notre Dame de Sion,1,St. Teresa's Academy,2
2017-09-13,Saxony Lutheran,1,Ste. Genevieve,2
2017-09-13,Duchesne,2,Trinity Catholic,0
2017-09-13,Timberland,2,Troy Buchanan,0
2017-09-13,St. Joseph's Academy,2,Visitation Academy,0
2017-09-13,Springfield Catholic,0,Webster Groves,2
2017-09-13,Potosi,0,West County,2
2017-09-14,Archie,0,Adrian,2
2017-09-14,Thayer,1,Ava,2
2017-09-14,Cuba,2,Belle,0
2017-09-14,Puxico,0,Bernie,2
2017-09-14,Union,1,Billings,2
2017-09-14,Central (Park Hills),2,Bismarck,0
2017-09-14,Hallsville,0,Blair Oaks,2
2017-09-14,Malden,0,Bloomfield,2
2017-09-14,Clever,2,Blue Eye,0
2017-09-14,Raymore-Peculiar,0,Blue Springs South,2
2017-09-14,Marshall,0,Boonville,2
2017-09-14,Mexico,2,Bowling Green,0
2017-09-14,Jasper,2,Bronaugh,0
2017-09-14,Stockton,1,Buffalo,2
2017-09-14,Houston,0,Cabool,2
2017-09-14,Bunceton,0,Calvary Lutheran,2
2017-09-14,Central (Springfield),0,Camdenton,2
2017-09-14,Holcomb,0,Caruthersville,2
2017-09-14,Cooter,0,Central (New Madrid County),2
2017-09-14,Southland,0,Central (New Madrid County),2
2017-09-14,Bradleyville,0,Chadwick,2
2017-09-14,Missouri School for the Deaf,0,Chamois,3
2017-09-14,Portageville,1,Charleston,1
2017-09-14,Summersville,2,Charleston,0
2017-09-14,North Pemiscot,2,Charleston,0
2017-09-14,Otterville,2,Chilhowee,1
2017-09-14,Lafayette (St. Joseph),0,Chillicothe,2
2017-09-14,Transportation and Law,0,Collegiate School of Med-Bio Science,2
2017-09-14,Crest Ridge,2,Concordia,1
2017-09-14,Southland,0,Cooter,2
2017-09-14,Galena,0,Crane,2
2017-09-14,Festus,2,DeSoto,1
2017-09-14,Bell City,0,Dexter,2
2017-09-14,Conway,2,Dixon,0
2017-09-14,Greenville,2,Doniphan,0
2017-09-14,Midway,2,Drexel,0
2017-09-14,Mid-Buchanan,2,East Buchanan,0
2017-09-14,Oak Grove,0,Excelsior Springs,2
2017-09-14,William Chrisman,2,Fort Osage,1
2017-09-14,Parkway North,2,Francis Howell North,0
2017-09-14,Ft. Zumwalt South,0,Ft. Zumwalt West,2
2017-09-14,Miller Career Academy,0,Gateway,2
2017-09-14,Diamond,2,Golden City,0
2017-09-14,Lincoln,0,Green Ridge,2
2017-09-14,Marionville,2,Greenfield,1
2017-09-14,Pleasant Hill,2,Harrisonville,0
2017-09-14,Central (New Madrid County),2,Hayti,0
2017-09-14,Southland,2,Hayti,0
2017-09-14,Cooter,0,Hayti,2
2017-09-14,Battle,0,Hickman,2
2017-09-14,Northeast (Kansas City),0,Hogan Prep Academy Charter,2
2017-09-14,Forsyth,0,Hollister,2
2017-09-14,Miami (Amoret),0,Hume,2
2017-09-14,Lutheran St. Charles,0,Incarnate Word Academy,2
2017-09-14,Fatima,1,Jefferson City,2
2017-09-14,McCluer South-Berkeley,1,Jennings,2
2017-09-14,Hillcrest,0,Joplin,2
2017-09-14,Poplar Bluff,2,Kennett,1
2017-09-14,West County,2,Kingston,0
2017-09-14,Hannibal,2,Kirksville,0
2017-09-14,Carrollton,0,Knob Noster,2
2017-09-14,Cole Camp,2,La Monte,0
2017-09-14,Fox,0,Lafayette (Wildwood),2
2017-09-14,Monett,0,Lamar,2
2017-09-14,West Platte,0,Lathrop,0
2017-09-14,Wright City,0,Lesterville,2
2017-09-14,Holden,1,Lexington,2
2017-09-14,Salem,0,Liberty (Mountain View),2
2017-09-14,Central (St. Joseph),2,Liberty North,1
2017-09-14,Plato,0,Licking,2
2017-09-14,Central (Kansas City),0,Lincoln College Prep,2
2017-09-14,Nerinx Hall,1,Lindbergh,1
2017-09-14,Perryville,1,Lindbergh,1
2017-09-14,Lutheran South,1,Lindbergh,1
2017-09-14,Sarcoxie,2,Lockwood,0
2017-09-14,Lone Jack,2,Lutheran (Kansas City),1
2017-09-14,McCluer,0,Lutheran North,2
2017-09-14,Nerinx Hall,1,Lutheran South,1
2017-09-14,Principia,0,Maplewood-Richmond Hts.,2
2017-09-14,Cameron,0,Maryville,2
2017-09-14,Purdy,0,McAuley Catholic,2
2017-09-14,Metro,2,McKinley Classical Leadership,0
2017-09-14,Clayton,0,MICDS,2
2017-09-14,Bolivar,0,Mt. Vernon,2
2017-09-14,Owensville,0,New Haven,2
2017-09-14,Branson,0,Nixa,2
2017-09-14,Rock Port,2,Nodaway-Holt,0
2017-09-14,Centralia,2,North Callaway,0
2017-09-14,Valle Catholic,2,North County,0
2017-09-14,Raytown South,0,North Kansas City,2
2017-09-14,Portageville,1,North Pemiscot,1
2017-09-14,Summersville,0,North Pemiscot,2
2017-09-14,Windsor,2,Northwest (Hughesville),0
2017-09-14,Jackson,1,Notre Dame (Cape Girardeau),2
2017-09-14,Washington,2,Oakville,0
2017-09-14,Villa Duchesne,1,Oakville,1
2017-09-14,Ursuline Academy,2,Oakville,0
2017-09-14,Grain Valley,2,Odessa,0
2017-09-14,St. Charles West,0,Orchard Farm,2
2017-09-14,Fulton,0,Osage,2
2017-09-14,Rich Hill,0,Osceola,2
2017-09-14,Neosho,0,Ozark,2
2017-09-14,Blue Springs,1,Park Hill,2
2017-09-14,St. Charles,0,Park Hill South,2
2017-09-14,Ritenour,0,Pattonville,2
2017-09-14,North Platte,2,Penney,0
2017-09-14,Nerinx Hall,2,Perryville,0
2017-09-14,Lutheran South,2,Perryville,0
2017-09-14,Belton,0,Platte County,2
2017-09-14,Lawson,2,Plattsburg,0
2017-09-14,Summersville,1,Portageville,1
2017-09-14,Liberty,2,Raytown,0
2017-09-14,Carl Junction,2,Republic,0
2017-09-14,Lafayette County,0,Richmond,2
2017-09-14,St. Paul Lutheran (Concordia),0,Rock Bridge,2
2017-09-14,Francis Howell Central,0,Rockwood Summit,2
2017-09-14,Parkview,1,Rolla,2
2017-09-14,West Plains,1,Roosevelt,2
2017-09-14,Staley,2,Ruskin,0
2017-09-14,Benton,2,Savannah,0
2017-09-14,Advance,0,Saxony Lutheran,0
2017-09-14,Spokane,1,School of the Ozarks,2
2017-09-14,Sikeston,2,Seneca,0
2017-09-14,Nevada,2,Savannah,1
2017-09-14,Carnahan,1,Soldan International Studies,2
2017-09-14,Brookfield,2,South Harrison,0
2017-09-14,Aurora,2,Springfield Catholic,0
2017-09-14,Winfield,0,St. Charles,2
2017-09-14,Pacific,1,St. Clair,2
2017-09-14,Hermann,2,St. James,0
2017-09-14,St. James,0,St. Joseph Christian,2
2017-09-14,Smithton,2,Willard,0
2017-09-14,Barstow,1,Summit Christian Academy,3
2017-09-14,Sheldon,0,Thomas Jefferson Independent Day,2
2017-09-14,Ft. Zumwalt East,0,Timberland,2
2017-09-14,Sacred Heart,2,Tipton,0
2017-09-14,Holt,2,Troy Buchanan,0
2017-09-14,Webb City,2,Union,0
2017-09-14,Villa Duchesne,0,Ursuline Academy,2
2017-09-14,Cleveland NJROTC,0,Waynesville,2
2017-09-14,St. Dominic,1,Veritas Christian Academy,2
2017-09-14,Eldon,2,Versailles,0
2017-09-14,Bourbon,0,Viburnum,2
2017-09-14,St. Michael the Archangel,1,Warrensburg,2
2017-09-14,El Dorado Springs,2,Warsaw,0
2017-09-14,Ursuline Academy,2,Washington,0
2017-09-14,Villa Duchesne,0,Washington,2
2017-09-14,West Plains,2,Waynesville,1
2017-09-14,Carthage,2,Webb City,0
2017-09-14,John Burroughs,2,Westminster Christian Academy,1
2017-09-14,Liberty (Wentzville),2,Whitfield,0
2017-09-14,Logan-Rogersville,2,Willard,1
2017-09-14,Mountain Grove,0,Willow Springs,2
2017-09-14,Kearney,2,Winnetonka,0
2017-09-14,Clearwater,0,Winona,2
2017-09-14,Montgomery County,2,Wright City,0
2017-09-14,Leopold,2,Zalma,0
2017-09-15,South Iron,0,Arcadia Valley,2
2017-09-15,Notre Dame (Cape Girardeau),1,Bloomfield,2
2017-09-15,Richland (Essex),0,Campbell,2
2017-09-15,Clarkton,1,Campbell,1
2017-09-15,Richland (Essex),0,Clarkton,2
2017-09-15,Holcomb,0,Delta (Deering),2
2017-09-15,Lutheran St. Charles,2,Father Tolton,0
2017-09-15,Billings,0,Fordland,2
2017-09-15,Maplewood-Richmond Hts.,2,Hancock,0
2017-09-15,Sarcoxie,1,La Monte,2
2017-09-15,Calvary Lutheran,2,Linn,0
2017-09-15,Woodland,2,Meadow Heights,0
2017-09-15,Plato,2,Niangua,0
2017-09-15,Calhoun,0,Northeast Vernon County,2
2017-09-15,Puxico,0,Oak Ridge,2
2017-09-15,Webster Groves,2,Riverview Gardens,0
2017-09-15,Holcomb,0,Senath-Hornersville,2
2017-09-15,Delta (Deering),1,Senath-Hornersville,1
2017-09-15,Richland (Essex),0,St. Clair,2
2017-09-15,Clarkton,0,St. Clair,2
2017-09-15,Campbell,1,St. Clair,1
2017-09-15,Normandy Collaborative,0,University City,2
2017-09-15,Viburnum,2,Valley,0
2017-09-15,Parkway Central,2,Westminster Christian Academy,0
2017-09-16,Springfield Catholic,0,Ash Grove,2
2017-09-16,Aurora,2,Ash Grove,0
2017-09-16,East Newton,1,Ash Grove,1
2017-09-16,Mt. Vernon,2,Ash Grove,0
2017-09-16,Winona,2,Aurora,1
2017-09-16,Springfield Catholic,0,Aurora,2
2017-09-16,East Newton,0,Aurora,2
2017-09-16,Mt. Vernon,0,Aurora,2
2017-09-16,New Haven,2,Belle,0
2017-09-16,Winfield,2,Belle,0
2017-09-16,Winnetonka,2,Belton,0
2017-09-16,Summit Christian Academy,2,Belton,0
2017-09-16,Platte County,2,Belton,0
2017-09-16,Northland Christian,2,Belton,0
2017-09-16,Pembroke Hill,2,Benton,0
2017-09-16,Lutheran (Kansas City),2,Benton,0
2017-09-16,Lakeland,0,Benton,2
2017-09-16,East (Kansas City),0,Benton,2
2017-09-16,Herculaneum,2,Bismarck,0
2017-09-16,Bradleyville,0,Blue Eye,2
2017-09-16,Southwest (Washburn),0,Blue Eye,2
2017-09-16,Galena,1,Blue Eye,1
2017-09-16,Spokane,0,Blue Eye,2
2017-09-16,Verona,0,Blue Eye,2
2017-09-16,School of the Ozarks,0,Blue Eye,2
2017-09-16,New Haven,2,Bowling Green,0
2017-09-16,Winfield,2,Bowling Green,0
2017-09-16,Belle,1,Bowling Green,1
2017-09-16,Southwest (Washburn),2,Bradleyville,0
2017-09-16,Galena,1,Bradleyville,1
2017-09-16,Father Tolton,2,Brookfield,0
2017-09-16,Hallsville,2,Brookfield,0
2017-09-16,Tipton,2,Brookfield,0
2017-09-16,Clearwater,2,Bunker,0
2017-09-16,West County,2,Bunker,0
2017-09-16,Ellington,1,Bunker,1
2017-09-16,Midway,2,Butler,0
2017-09-16,Pembroke Hill,1,Butler,1
2017-09-16,East (Kansas City),0,Butler,2
2017-09-16,Lutheran (Kansas City),1,Butler,2
2017-09-16,Battle,0,Camdenton,2
2017-09-16,Kearney,2,Camdenton,0
2017-09-16,Staley,2,Camdenton,1
2017-09-16,North Pemiscot,0,Campbell,2
2017-09-16,Carthage,1,Carl Junction,2
2017-09-16,Nevada,0,Carl Junction,2
2017-09-16,Nevada,0,Carthage,2
2017-09-16,Purdy,2,Cassville,0
2017-09-16,New Heights Christian,2,Cassville,0
2017-09-16,Liberal,1,Cassville,1
2017-09-16,Pleasant Hill,2,Central (Springfield),0
2017-09-16,North Callaway,0,Centralia,2
2017-09-16,Hallsville,2,Centralia,0
2017-09-16,Tipton,1,Centralia,1
2017-09-16,Ellington,0,Clearwater,2
2017-09-16,West County,2,Clearwater,0
2017-09-16,Greenville,2,Clearwater,0
2017-09-16,Knob Noster,2,Clinton,0
2017-09-16,Smithton,2,Clinton,0
2017-09-16,Northwest (Hughesville),2,Clinton,0
2017-09-16,Marshall,1,Cole Camp,1
2017-09-16,Santa Fe,2,Cole Camp,0
2017-09-16,La Monte,0,Concordia,2
2017-09-16,Northwest (Hughesville),2,Concordia,0
2017-09-16,Helias Catholic,0,Cor Jesu Academy,2
2017-09-16,St. Joseph's Academy,0,Cor Jesu Academy,2
2017-09-16,La Monte,0,Crest Ridge,1
2017-09-16,Smithton,2,Crest Ridge,0
2017-09-16,Oak Grove,2,Crest Ridge,0
2017-09-16,Concordia,0,Crest Ridge,2
2017-09-16,McAuley Catholic,1,Diamond,1
2017-09-16,Jasper,0,Diamond,2
2017-09-16,Pierce City,0,Diamond,2
2017-09-16,South Iron,1,Doniphan,1
2017-09-16,Greenville,2,Doniphan,0
2017-09-16,West County,2,Doniphan,0
2017-09-16,Kingston,0,Doniphan,2
2017-09-16,Skyline,0,East Newton,2
2017-09-16,El Dorado Springs,0,East Newton,2
2017-09-16,Springfield Catholic,0,East Newton,1
2017-09-16,Skyline,0,El Dorado Springs,2
2017-09-16,Osceola,2,El Dorado Springs,0
2017-09-16,Mt. Vernon,2,El Dorado Springs,0
2017-09-16,West County,2,Ellington,0
2017-09-16,Lutheran South,2,Eureka,0
2017-09-16,Marquette,0,Eureka,2
2017-09-16,Warrenton,0,Festus,2
2017-09-16,Parkway North,0,Festus,2
2017-09-16,Hillsboro,1,Festus,1
2017-09-16,Jefferson (Festus),0,Festus,2
2017-09-16,Lesterville,0,Festus,2
2017-09-16,Ft. Zumwalt West,2,Festus,0
2017-09-16,Pattonville,1,Fox,1
2017-09-16,Jefferson (Festus),1,Fox,1
2017-09-16,Warrenton,2,Fox,0
2017-09-16,Lutheran South,1,Francis Howell,2
2017-09-16,Villa Duchesne,1,Francis Howell,2
2017-09-16,Kirkwood,1,Francis Howell,2
2017-09-16,Lindbergh,0,Francis Howell,2
2017-09-16,St. Charles,1,Francis Howell Central,2
2017-09-16,Parkway South,0,Francis Howell Central,2
2017-09-16,Valle Catholic,0,Francis Howell Central,2
2017-09-16,John Burroughs,0,Francis Howell Central,2
2017-09-16,Valle Catholic,2,Francis Howell North,1
2017-09-16,John Burroughs,2,Francis Howell North,0
2017-09-16,Troy Buchanan,0,Francis Howell North,2
2017-09-16,Francis Howell Central,2,Ft. Zumwalt South,1
2017-09-16,Parkway South,1,Ft. Zumwalt South,2
2017-09-16,St. Charles,2,Ft. Zumwalt South,1
2017-09-16,Pattonville,0,Ft. Zumwalt West,2
2017-09-16,Jefferson (Festus),1,Ft. Zumwalt West,1
2017-09-16,Hillsboro,0,Ft. Zumwalt West,2
2017-09-16,Fox,0,Ft. Zumwalt West,2
2017-09-16,Southwest (Washburn),1,Galena,1
2017-09-16,School of the Ozarks,2,Galena,1
2017-09-16,Lesterville,2,Grandview (Hillsboro),0
2017-09-16,Hillsboro,2,Grandview (Hillsboro),0
2017-09-16,Seckman,0,Grandview (Hillsboro),2
2017-09-16,St. Clair,0,Grandview (Hillsboro),2
2017-09-16,South Iron,0,Greenville,2
2017-09-16,West County,2,Greenville,0
2017-09-16,Father Tolton,1,Hallsville,1
2017-09-16,St. Joseph's Academy,2,Helias Catholic,0
2017-09-16,St. Pius X (Festus),0,Helias Catholic,2
2017-09-16,Marshfield,2,Hickman,0
2017-09-16,Sacred Heart,2,Hickman,1
2017-09-16,Reeds Spring,0,Hickman,2
2017-09-16,Staley,2,Hickman,0
2017-09-16,Battle,0,Hickman,2
2017-09-16,Parkway North,0,Hillsboro,2
2017-09-16,Warrenton,0,Hillsboro,2
2017-09-16,McAuley Catholic,1,Jasper,1
2017-09-16,Pierce City,0,Jasper,2
2017-09-16,Liberal,2,Jasper,1
2017-09-16,Pleasant Hill,2,Jefferson City,0
2017-09-16,Oak Park,0,Jefferson City,2
2017-09-16,Lee's Summit North,1,Jefferson City,1
2017-09-16,St. Charles,1,Jefferson City,1
2017-09-16,Valle Catholic,1,John Burroughs,2
2017-09-16,Battle,0,Kearney,2
2017-09-16,Staley,0,Kearney,2
2017-09-16,South Iron,1,Kingston,1
2017-09-16,Greenville,2,Kingston,0
2017-09-16,Versailles,1,Kirksville,1
2017-09-16,Warsaw,1,Kirksville,1
2017-09-16,Savannah,2,Kirksville,0
2017-09-16,Marshall,0,Kirksville,2
2017-09-16,Nerinx Hall,2,Kirkwood,0
2017-09-16,Springfield Catholic,0,Kirkwood,2
2017-09-16,Northwest (Hughesville),1,Knob Noster,1
2017-09-16,Smithton,1,Knob Noster,1
2017-09-16,Concordia,2,Knob Noster,1
2017-09-16,Savannah,2,Lafayette (St. Joseph),0
2017-09-16,St. Pius X (Festus),0,Lafayette (Wildwood),2
2017-09-16,St. Joseph's Academy,0,Lafayette (Wildwood),2
2017-09-16,Cor Jesu Academy,1,Lafayette (Wildwood),2
2017-09-16,Marshall,1,Lafayette County,1
2017-09-16,Santa Fe,2,Lafayette County,0
2017-09-16,Cole Camp,1,Lafayette County,1
2017-09-16,Versailles,2,Lafayette County,1
2017-09-16,Midway,2,Lakeland,0
2017-09-16,Lutheran (Kansas City),2,Lakeland,0
2017-09-16,East (Kansas City),2,Lakeland,0
2017-09-16,McAuley Catholic,0,Lamar,2
2017-09-16,Jasper,0,Lamar,2
2017-09-16,Pierce City,0,Lamar,2
2017-09-16,Diamond,0,Lamar,2
2017-09-16,Purdy,0,Lamar,2
2017-09-16,Liberal,2,Lamar,0
2017-09-16,Raymore-Peculiar,0,Lee's Summit,2
2017-09-16,Central (Springfield),0,Lee's Summit,2
2017-09-16,Park Hill South,1,Lee's Summit,1
2017-09-16,St. Teresa's Academy,2,Lee's Summit,0
2017-09-16,Lee's Summit North,0,Lee's Summit,2
2017-09-16,Liberty North,0,Lee's Summit North,2
2017-09-16,Oak Park,0,Lee's Summit North,2
2017-09-16,St. Charles,2,Lee's Summit North,0
2017-09-16,Liberty North,0,Lee's Summit West,2
2017-09-16,Raymore-Peculiar,0,Lee's Summit West,2
2017-09-16,Ozark,2,Lee's Summit West,0
2017-09-16,Park Hill South,2,Lee's Summit West,0
2017-09-16,New Heights Christian,1,Liberal,1
2017-09-16,Central (Springfield),0,Liberty,2
2017-09-16,Park Hill South,2,Liberty,0
2017-09-16,St. Teresa's Academy,1,Liberty,1
2017-09-16,St. Charles,2,Liberty,0
2017-09-16,Washington,1,Lindbergh,2
2017-09-16,Winona,2,Lockwood,0
2017-09-16,Osceola,1,Lockwood,2
2017-09-16,Seneca,0,Lockwood,2
2017-09-16,Monett,0,Lockwood,2
2017-09-16,Mt. Vernon,0,Lockwood,2
2017-09-16,St. Dominic,0,Lutheran South,2
2017-09-16,Webster Groves,2,Marquette,1
2017-09-16,Santa Fe,2,Marshall,0
2017-09-16,Staley,1,Marshfield,1
2017-09-16,Reeds Spring,0,Marshfield,2
2017-09-16,Rock Bridge,2,Marshfield,0
2017-09-16,New Heights Christian,2,McAuley Catholic,0
2017-09-16,Pembroke Hill,0,Midway,2
2017-09-16,Lutheran (Kansas City),0,Midway,2
2017-09-16,Winona,2,Monett,0
2017-09-16,El Dorado Springs,2,Monett,0
2017-09-16,Seneca,2,Monett,0
2017-09-16,Skyline,0,Mt. Vernon,2
2017-09-16,Osceola,1,Mt. Vernon,1
2017-09-16,Villa Duchesne,2,Nerinx Hall,0
2017-09-16,Winfield,0,New Haven,2
2017-09-16,St. James,0,Nodaway-Holt,2
2017-09-16,Tipton,0,North Callaway,2
2017-09-16,Father Tolton,2,North Callaway,1
2017-09-16,Arcadia Valley,2,North County,0
2017-09-16,Smithton,0,Northwest (Hughesville),2
2017-09-16,St. Vincent,1,Notre Dame (Cape Girardeau),2
2017-09-16,La Monte,0,Oak Grove,2
2017-09-16,Smithton,0,Oak Grove,2
2017-09-16,Concordia,0,Oak Grove,2
2017-09-16,Raymore-Peculiar,2,Oak Park,0
2017-09-16,St. Charles,0,Oak Park,2
2017-09-16,Lutheran South,2,Oakville,0
2017-09-16,Webster Groves,2,Oakville,1
2017-09-16,Skyline,0,Osceola,2
2017-09-16,Liberty North,0,Ozark,2
2017-09-16,Raymore-Peculiar,1,Ozark,1
2017-09-16,Pleasant Hill,0,Ozark,2
2017-09-16,St. Teresa's Academy,1,Ozark,2
2017-09-16,St. Charles,0,Ozark,2
2017-09-16,William Chrisman,0,Park Hill,2
2017-09-16,Sparta,0,Park Hill,2
2017-09-16,Platte County,2,Park Hill,0
2017-09-16,Winnetonka,0,Park Hill,2
2017-09-16,Summit Christian Academy,0,Park Hill,2
2017-09-16,Northland Christian,2,Park Hill,0
2017-09-16,Pleasant Hill,0,Park Hill South,2
2017-09-16,Rock Bridge,2,Parkview,0
2017-09-16,Sacred Heart,1,Parkview,1
2017-09-16,Willard,2,Parkview,0
2017-09-16,Warrenton,2,Parkway North,0
2017-09-16,Pattonville,2,Parkway North,0
2017-09-16,St. Charles,2,Parkway South,0
2017-09-16,Villa Duchesne,2,Parkway West,1
2017-09-16,Springfield Catholic,0,Parkway West,2
2017-09-16,Jefferson (Festus),2,Pattonville,0
2017-09-16,St. Clair,2,Pattonville,1
2017-09-16,McAuley Catholic,2,Pierce City,0
2017-09-16,Sparta,0,Platte County,2
2017-09-16,William Chrisman,0,Platte County,2
2017-09-16,Summit Christian Academy,0,Platte County,2
2017-09-16,Northland Christian,2,Platte County,0
2017-09-16,Cole Camp,0,Platte County,2
2017-09-16,St. Teresa's Academy,1,Pleasant Hill,1
2017-09-16,New Heights Christian,2,Purdy,0
2017-09-16,Liberal,2,Purdy,0
2017-09-16,Liberty North,0,Raymore-Peculiar,2
2017-09-16,Central (Springfield),0,Raymore-Peculiar,2
2017-09-16,Staley,2,Reeds Spring,0
2017-09-16,Battle,2,Reeds Spring,0
2017-09-16,Staley,2,Rock Bridge,1
2017-09-16,St. James,0,Rock Port,2
2017-09-16,Rock Bridge,1,Sacred Heart,1
2017-09-16,Warsaw,0,Santa Fe,2
2017-09-16,Lesterville,2,Seckman,0
2017-09-16,Warrenton,2,Seckman,1
2017-09-16,St. Clair,2,Senath-Hornersville,0
2017-09-16,Campbell,1,Senath-Hornersville,2
2017-09-16,Central (New Madrid County),0,Senath-Hornersville,2
2017-09-16,Winona,2,Seneca,0
2017-09-16,El Dorado Springs,2,Seneca,1
2017-09-16,Springfield Catholic,1,Skyline,2
2017-09-16,Versailles,0,Savannah,2
2017-09-16,Santa Fe,2,Savannah,1
2017-09-16,Cole Camp,0,Savannah,2
2017-09-16,Warsaw,0,Savannah,2
2017-09-16,Northland Christian,2,Sparta,0
2017-09-16,Parkview,2,Southern Boone,0
2017-09-16,Kearney,2,Southern Boone,0
2017-09-16,Camdenton,2,Southern Boone,0
2017-09-16,Battle,1,Southern Boone,1
2017-09-16,Spokane,2,Southwest (Washburn),0
2017-09-16,Verona,0,Spokane,2
2017-09-16,School of the Ozarks,1,Spokane,1
2017-09-16,John Burroughs,2,St. Charles,0
2017-09-16,Lesterville,1,St. Clair,1
2017-09-16,Seckman,1,St. Clair,1
2017-09-16,Warrenton,2,St. Clair,1
2017-09-16,St. Joseph's Academy,2,St. Joseph's Academy,0
2017-09-16,Cor Jesu Academy,0,St. James,2
2017-09-16,St. Joseph's Academy,2,St. James,0
2017-09-16,St. Pius X (Festus),0,St. Joseph's Academy,2
2017-09-16,Northland Christian,1,Summit Christian Academy,1
2017-09-16,John Burroughs,2,Troy Buchanan,0
2017-09-16,Valle Catholic,2,Troy Buchanan,0
2017-09-16,Portageville,0,St. Clair,2
2017-09-16,School of the Ozarks,2,Verona,0
2017-09-16,Warsaw,2,Versailles,0
2017-09-16,Nerinx Hall,2,Washington,1
2017-09-16,Nerinx Hall,2,Webster Groves,0
2017-09-16,St. Dominic,2,Webster Groves,0
2017-09-16,Sacred Heart,1,Willard,1
2017-09-16,Rock Bridge,0,Willard,2
2017-09-16,Kearney,2,Willard,0
2017-09-16,Sparta,0,William Chrisman,2
2017-09-16,Summit Christian Academy,2,William Chrisman,0
2017-09-16,Northland Christian,2,Winnetonka,0
2017-09-16,Summit Christian Academy,1,Winnetonka,1
2017-09-18,Central (Cape Girardeau),2,Bell City,0
2017-09-18,Excelsior Springs,2,Benton,0
2017-09-18,Miller,1,Billings,2
2017-09-18,Hancock,0,Bishop DuBourg,2
2017-09-18,Parkview,2,Buffalo,1
2017-09-18,Cameron,2,Carrollton,0
2017-09-18,Wright City,0,Centralia,2
2017-09-18,Linn,2,Chamois,0
2017-09-18,Lincoln,2,Chilhowee,0
2017-09-18,Otterville,0,Cole Camp,2
2017-09-18,Northwest (Hughesville),2,Concordia,1
2017-09-18,Lincoln College Prep,2,Cristo Rey,0
2017-09-18,Clarkton,2,Delta (Deering),1
2017-09-18,Advance,0,Dexter,2
2017-09-18,Lamar,2,Diamond,0
2017-09-18,St. James,2,Dixon,0
2017-09-18,Bishop LeBlond,2,East Buchanan,1
2017-09-18,Webb City,2,East Newton,0
2017-09-18,Hickman,2,Eldon,0
2017-09-18,Wright City,2,Ellington,0
2017-09-18,Union,2,Exeter,0
2017-09-18,Fatima,2,Father Tolton,0
2017-09-18,Forsyth,0,Fordland,2
2017-09-18,Clayton,0,Fox,2
2017-09-18,Meadow Heights,0,Fredericktown,2
2017-09-18,Winfield,0,Ft. Zumwalt East,2
2017-09-18,Battle,2,Fulton,0
2017-09-18,New Heights Christian,2,Golden City,0
2017-09-18,Summersville,2,Hayti,1
2017-09-18,Rockwood Summit,2,Hazelwood East,0
2017-09-18,North County,0,Hillsboro,2
2017-09-18,Eminence,2,Houston,0
2017-09-18,Pleasant Hope,0,Hurley,2
2017-09-18,Jackson,2,Kennett,0
2017-09-18,Ballard,0,Kingsville,2
2017-09-18,Richmond,0,Knob Noster,2
2017-09-18,St. Joseph Christian,0,Lathrop,2
2017-09-18,Seneca,0,Leopold,2
2017-09-18,Winona,1,Liberty (Mountain View),2
2017-09-18,Trinity Catholic,0,Lutheran North,2
2017-09-18,Chillicothe,0,Marshall,2
2017-09-18,Lafayette (St. Joseph),0,Maryville,2
2017-09-18,Pattonville,2,McCluer North,0
2017-09-18,Jennings,2,McCluer South-Berkeley,0
2017-09-18,McAuley Catholic,2,McDonald County,0
2017-09-18,Boonville,2,Mexico,0
2017-09-18,Orrick,1,Mid-Buchanan,2
2017-09-18,West Plains,2,Mountain Grove,0
2017-09-18,Central (Springfield),2,Mt. Vernon,1
2017-09-18,Pacific,1,New Haven,1
2017-09-18,Washington,2,New Haven,0
2017-09-18,University City,2,Normandy Collaborative,1
2017-09-18,Central (New Madrid County),0,North Pemiscot,2
2017-09-18,Gateway Science Charter,2,North Technical,0
2017-09-18,St. Paul Lutheran (Concordia),0,Odessa,2
2017-09-18,Zalma,0,Oran,2
2017-09-18,Washington,2,Pacific,0
2017-09-18,Marionville,1,Pierce City,2
2017-09-18,Nodaway-Holt,0,Plattsburg,2
2017-09-18,Sparta,0,Pleasant Hill,2
2017-09-18,Farmington,0,Poplar Bluff,2
2017-09-18,Cooter,0,Portageville,2
2017-09-18,Warsaw,2,Potosi,1
2017-09-18,Bloomfield,2,Puxico,0
2017-09-18,Campbell,2,Richland (Essex),0
2017-09-18,Licking,0,Rolla,2
2017-09-18,Cardinal Ritter,0,Springfield Catholic,2
2017-09-18,Calvary Lutheran,2,Sarcoxie,0
2017-09-18,Malden,2,Senath-Hornersville,0
2017-09-18,Neosho,1,Seneca,2
2017-09-18,Charleston,0,Sikeston,2
2017-09-18,Versailles,0,Savannah,2
2017-09-18,Lift for Life Academy Charter,1,Soldan International Studies,2
2017-09-18,Blair Oaks,2,Southern Boone,0
2017-09-18,Aurora,2,Springfield Catholic,0
2017-09-18,Salem,0,St. Clair,2
2017-09-18,Notre Dame de Sion,2,St. Michael the Archangel,1
2017-09-18,Warsaw,2,Willard,0
2017-09-18,Oak Grove,0,Summit Christian Academy,2
2017-09-18,Eugene,2,Tipton,1
2017-09-18,Brookfield,0,Trenton,2
2017-09-18,Caruthersville,0,St. Clair,2
2017-09-18,New Haven,2,Union,0
2017-09-18,Pacific,2,Union,0
2017-09-18,Washington,2,Union,0
2017-09-18,Southeast,0,University Academy Charter,2
2017-09-18,Principia,0,Valley Park,2
2017-09-18,Ft. Zumwalt South,0,Veritas Christian Academy,2
2017-09-18,Ladue Horton Watkins,1,Visitation Academy,1
2017-09-18,Central (Park Hills),2,West County,1
2017-09-18,Verona,2,Wheaton,1
2017-09-18,Raytown,0,William Chrisman,2
2017-09-18,Lakeland,0,Windsor,2
2017-09-18,Oak Ridge,0,Woodland,2
2017-09-19,Drexel,0,Adrian,2
2017-09-19,Midway,2,Archie,0
2017-09-19,Bronaugh,1,Ballard,2
2017-09-19,Viburnum,2,Belle,0
2017-09-19,Winnetonka,2,Belton,0
2017-09-19,Lathrop,0,Benton,2
2017-09-19,Lee's Summit North,1,Blue Springs,2
2017-09-19,Centralia,2,Bowling Green,0
2017-09-19,Carthage,2,Branson,0
2017-09-19,Bayless,1,Brentwood,2
2017-09-19,Penney,2,Brookfield,0
2017-09-19,Ozark,2,Carl Junction,1
2017-09-19,Richmond,2,Carrollton,1
2017-09-19,Guadalupe Centers Charter,0,Central (Kansas City),2
2017-09-19,North County,0,Central (Park Hills),2
2017-09-19,Raytown,0,Central (St. Joseph),2
2017-09-19,Exeter,0,Chadwick,2
2017-09-19,Seneca,2,Charleston,1
2017-09-19,Kirksville,2,Chillicothe,0
2017-09-19,Bunker,0,Clearwater,2
2017-09-19,El Dorado Springs,0,Clever,2
2017-09-19,Center,2,Clinton,0
2017-09-19,Green Ridge,2,Cole Camp,0
2017-09-19,Lutheran (Kansas City),2,Concordia,1
2017-09-19,Ursuline Academy,0,Cor Jesu Academy,2
2017-09-19,Purdy,0,Crane,2
2017-09-19,Orrick,2,Crest Ridge,0
2017-09-19,Maplewood-Richmond Hts.,2,Crossroads College Preparatory,0
2017-09-19,Jefferson (Festus),2,Crystal City,0
2017-09-19,St. James,0,Cuba,2
2017-09-19,Windsor (Imperial),2,DeSoto,1
2017-09-19,Sarcoxie,2,Diamond,0
2017-09-19,Trenton,0,East Buchanan,2
2017-09-19,Monett,0,East Newton,2
2017-09-19,Dixon,0,Eugene,2
2017-09-19,Oakville,0,Eureka,2
2017-09-19,Thomas Jefferson Independent Day,2,Everton,1
2017-09-19,Harrisonville,0,Excelsior Springs,2
2017-09-19,Ste. Genevieve,0,Farmington,2
2017-09-19,Cassville,2,Forsyth,0
2017-09-19,Timberland,2,Francis Howell Central,0
2017-09-19,Holt,2,Ft. Zumwalt North,0
2017-09-19,Liberty (Wentzville),1,Ft. Zumwalt South,2
2017-09-19,Francis Howell North,0,Ft. Zumwalt West,2
2017-09-19,School of the Ozarks,2,Galena,0
2017-09-19,Transportation and Law,0,Gateway,2
2017-09-19,Father Tolton,0,Hallsville,2
2017-09-19,Fulton,0,Hannibal,2
2017-09-19,McCluer North,0,Hazelwood Central,2
2017-09-19,Hazelwood West,2,Hazelwood East,0
2017-09-19,Hickman,0,Helias Catholic,2
2017-09-19,St. Vincent,2,Herculaneum,0
2017-09-19,Owensville,0,Hermann,2
2017-09-19,Montgomery County,0,Hermann,2
2017-09-19,St. Joseph's Academy,1,Hermann,1
2017-09-19,Central (Springfield),0,Hillcrest,2
2017-09-19,Festus,1,Hillsboro,2
2017-09-19,Mid-Buchanan,2,Hogan Prep Academy Charter,0
2017-09-19,Ava,2,Houston,0
2017-09-19,Greenfield,0,Jasper,2
2017-09-19,Camdenton,0,Jefferson City,2
2017-09-19,Doniphan,1,Kennett,2
2017-09-19,Nixa,1,Kickapoo,2
2017-09-19,Lexington,2,Knob Noster,0
2017-09-19,Holden,1,Lafayette County,2
2017-09-19,Platte County,0,Lee's Summit West,2
2017-09-19,Dexter,2,Leopold,0
2017-09-19,Webb City,0,Licking,2
2017-09-19,East (Kansas City),0,Lincoln College Prep,2
2017-09-19,Parkway South,0,Lindbergh,2
2017-09-19,Liberal,2,Lockwood,0
2017-09-19,Buffalo,0,Logan-Rogersville,2
2017-09-19,Principia,0,Lutheran North,2
2017-09-19,Northwest (Cedar Hill),1,Marquette,2
2017-09-19,Bolivar,0,Marshfield,2
2017-09-19,Riverview Gardens,1,McCluer,2
2017-09-19,Mt. Vernon,2,McDonald County,0
2017-09-19,Collegiate School of Med-Bio Science,0,McKinley Classical Leadership,0
2017-09-19,Zalma,0,Meadow Heights,2
2017-09-19,Lafayette (Wildwood),2,Mehlville,0
2017-09-19,Cleveland NJROTC,0,Metro,2
2017-09-19,Calhoun,1,Miami (Amoret),2
2017-09-19,Pierce City,0,Miller,2
2017-09-19,Carnahan,0,Miller Career Academy,2
2017-09-19,St. Joseph's Academy,2,Montgomery County,0
2017-09-19,Salem,0,Mountain Grove,2
2017-09-19,Willard,2,Neosho,0
2017-09-19,St. Pius X (Kansas City),2,Nevada,0
2017-09-19,Fort Osage,2,North Kansas City,0
2017-09-19,Cristo Rey,2,Northeast (Kansas City),0
2017-09-19,Cameron,0,Northland Christian,2
2017-09-19,Perryville,1,Notre Dame (Cape Girardeau),2
2017-09-19,Trinity Catholic,0,Notre Dame (Cape Girardeau),2
2017-09-19,Trinity Catholic,0,Notre Dame (St. Louis),2
2017-09-19,Odessa,2,Oak Grove,0
2017-09-19,Ruskin,0,Oak Park,2
2017-09-19,Sikeston,2,Oran,1
2017-09-19,St. Joseph's Academy,2,Owensville,0
2017-09-19,Montgomery County,0,Owensville,2
2017-09-19,Blue Springs South,2,Park Hill,0
2017-09-19,Kearney,1,Park Hill South,2
2017-09-19,MICDS,2,Parkway North,1
2017-09-19,Grain Valley,0,Pleasant Hill,2
2017-09-19,Conway,2,Pleasant Hope,0
2017-09-19,Lesterville,1,Poplar Bluff,2
2017-09-19,Central (New Madrid County),1,Portageville,2
2017-09-19,Fredericktown,2,Potosi,1
2017-09-19,Lee's Summit,2,Raymore-Peculiar,1
2017-09-19,Grandview,0,Raytown South,2
2017-09-19,Hollister,0,Reeds Spring,2
2017-09-19,Webb City,1,Republic,2
2017-09-19,Lakeland,0,Rich Hill,2
2017-09-19,Incarnate Word Academy,2,Rock Bridge,1
2017-09-19,Chamois,0,Sarcoxie,2
2017-09-19,Central (Cape Girardeau),0,Saxony Lutheran,2
2017-09-19,Fox,2,Seckman,0
2017-09-19,Hayti,0,Senath-Hornersville,2
2017-09-19,Hume,2,Sheldon,0
2017-09-19,Barstow,3,Sherwood,0
2017-09-19,Fair Grove,2,Skyline,0
2017-09-19,Sacred Heart,2,Smithton,0
2017-09-19,West Plains,0,Soldan International Studies,2
2017-09-19,Cooter,0,Summersville,2
2017-09-19,California,2,Southern Boone,0
2017-09-19,Hurley,3,Southwest (Washburn),0
2017-09-19,Blue Eye,2,Union,0
2017-09-19,Springfield Catholic,1,Spokane,2
2017-09-19,John Burroughs,2,St. Charles,1
2017-09-19,Warrenton,2,St. Charles West,0
2017-09-19,Lutheran St. Charles,0,St. Dominic,2
2017-09-19,Grandview (Hillsboro),0,St. Pius X (Festus),2
2017-09-19,Liberty North,0,Staley,2
2017-09-19,Marionville,1,Stockton,2
2017-09-19,Northwest (Hughesville),2,Willard,0
2017-09-19,Ash Grove,0,Winona,2
2017-09-19,Liberty (Mountain View),2,Thayer,0
2017-09-19,Lincoln,2,Tipton,0
2017-09-19,Francis Howell,2,Troy Buchanan,0
2017-09-19,Liberty,2,St. Charles,1
2017-09-19,Holcomb,0,St. Clair,2
2017-09-19,Bismarck,0,Valle Catholic,2
2017-09-19,Kingston,2,Valley,0
2017-09-19,Hancock,0,Valley Park,2
2017-09-19,Summit Christian Academy,3,Versailles,0
2017-09-19,Roosevelt,2,Waynesville,0
2017-09-19,Billings,2,Verona,0
2017-09-19,Boonville,0,Versailles,2
2017-09-19,Lutheran South,2,Villa Duchesne,0
2017-09-19,Savannah,2,Warrensburg,1
2017-09-19,Parkway West,0,Webster Groves,2
2017-09-19,Santa Fe,2,Wellington-Napoleon,0
2017-09-19,Arcadia Valley,2,West County,0
2017-09-19,Lone Jack,2,West Platte,0
2017-09-19,Westminster Christian Academy,2,Whitfield,0
2017-09-19,Cabool,1,Willow Springs,2
2017-09-19,La Monte,0,Windsor,2
2017-09-19,Orchard Farm,1,Winfield,2
2017-09-19,North Callaway,0,Wright City,2
2017-09-20,Eldon,2,Battle,1
2017-09-20,North Technical,0,Bayless,2
2017-09-20,Otterville,2,Bunceton,1
2017-09-20,Metro,2,Carnahan,0
2017-09-20,Frontier School of Excellence Charter,1,Central (Kansas City),2
2017-09-20,Soldan International Studies,2,Cleveland NJROTC,0
2017-09-20,Herculaneum,2,DeSoto,0
2017-09-20,Veritas Christian Academy,2,Duchesne,0
2017-09-20,Francis Howell Central,0,Francis Howell,2
2017-09-20,Collegiate School of Med-Bio Science,0,Gateway,2
2017-09-20,Joplin,0,Glendale,2
2017-09-20,Kirkwood,2,Hazelwood Central,0
2017-09-20,Potosi,0,Jefferson (Festus),2
2017-09-20,Hayti,0,Kennett,2
2017-09-20,William Chrisman,0,Liberty North,2
2017-09-20,Ritenour,2,McCluer,0
2017-09-20,West Plains,1,McKinley Classical Leadership,2
2017-09-20,Lindbergh,1,Nerinx Hall,2
2017-09-20,Raymore-Peculiar,0,Notre Dame de Sion,2
2017-09-20,Marquette,1,Parkway West,2
2017-09-20,Miller Career Academy,2,Roosevelt,0
2017-09-20,St. Pius X (Festus),2,St. Vincent,1
2017-09-20,Northwest (Cedar Hill),2,Webb City,0
2017-09-20,Transportation and Law,1,Waynesville,2
2017-09-21,Puxico,0,Advance,2
2017-09-21,Valley,0,Arcadia Valley,2
2017-09-21,Marionville,0,Ash Grove,2
2017-09-21,Versailles,0,Barstow,3
2017-09-21,Kearney,2,Belton,0
2017-09-21,Bishop LeBlond,2,Benton,0
2017-09-21,Galena,0,Billings,2
2017-09-21,Trinity Catholic,2,Bishop DuBourg,0
2017-09-21,Lee's Summit West,0,Blue Springs South,2
2017-09-21,Fulton,0,Boonville,2
2017-09-21,Principia,0,Brentwood,2
2017-09-21,Reeds Spring,2,Buffalo,0
2017-09-21,Hillcrest,0,Camdenton,2
2017-09-21,Senath-Hornersville,0,Campbell,2
2017-09-21,Warrensburg,2,Center,0
2017-09-21,Central (New Madrid County),0,Central (Cape Girardeau),2
2017-09-21,Hogan Prep Academy Charter,2,Central (Kansas City),1
2017-09-21,Fredericktown,1,Central (Park Hills),2
2017-09-21,Liberty,2,Central (St. Joseph),0
2017-09-21,Hallsville,2,Centralia,1
2017-09-21,Southland,0,Clarkton,2
2017-09-21,Poplar Bluff,2,Clearwater,0
2017-09-21,Union,0,Clever,2
2017-09-21,Hayti,2,Cooter,0
2017-09-21,Hancock,0,Crossroads College Preparatory,2
2017-09-21,St. Clair,2,Crystal City,0
2017-09-21,Warsaw,1,Cuba,2
2017-09-21,Summersville,2,Delta (Deering),0
2017-09-21,Winona,0,Dexter,2
2017-09-21,Southeast,0,East (Kansas City),2
2017-09-21,Penney,0,East Buchanan,2
2017-09-21,Osage,2,Eldon,0
2017-09-21,Plato,0,Eminence,2
2017-09-21,Mt. Vernon,0,Fair Grove,2
2017-09-21,Brookfield,0,Father Tolton,2
2017-09-21,Blair Oaks,2,Fatima,0
2017-09-21,St. Charles,2,Fort Osage,0
2017-09-21,Oakville,2,Fox,0
2017-09-21,Troy Buchanan,0,Francis Howell North,2
2017-09-21,Ft. Zumwalt South,1,Ft. Zumwalt East,2
2017-09-21,Liberty (Wentzville),2,Ft. Zumwalt North,0
2017-09-21,Timberland,2,Ft. Zumwalt West,0
2017-09-21,Joplin,0,Glendale,2
2017-09-21,Oak Grove,0,Grain Valley,2
2017-09-21,Windsor (Imperial),1,Grandview (Hillsboro),2
2017-09-21,Tipton,0,Green Ridge,2
2017-09-21,Ellington,0,Greenville,2
2017-09-21,Odessa,2,Harrisonville,0
2017-09-21,Rock Bridge,0,Helias Catholic,2
2017-09-21,Washington,2,Hermann,1
2017-09-21,New Haven,1,Hermann,2
2017-09-21,California,1,Hickman,2
2017-09-21,Webb City,0,Hillsboro,2
2017-09-21,Richmond,2,Holden,0
2017-09-21,Marshfield,2,Hollister,0
2017-09-21,Willow Springs,2,Houston,0
2017-09-21,Everton,0,Hurley,2
2017-09-21,New Heights Christian,1,Jasper,2
2017-09-21,Parkview,0,Kickapoo,2
2017-09-21,Bismarck,2,Kingston,1
2017-09-21,Marshall,1,Kirksville,2
2017-09-21,Webster Groves,2,Kirkwood,1
2017-09-21,Bradleyville,0,Koshkonong,2
2017-09-21,Knob Noster,2,Lafayette County,0
2017-09-21,East Newton,0,Lamar,2
2017-09-21,Plattsburg,0,Lathrop,2
2017-09-21,North Platte,0,Lawson,2
2017-09-21,Carrollton,0,Lexington,2
2017-09-21,Mountain Grove,0,Liberty (Mountain View),2
2017-09-21,Conway,0,Licking,2
2017-09-21,Smithton,0,Lincoln,2
2017-09-21,University Academy Charter,0,Lincoln College Prep,2
2017-09-21,Lafayette (Wildwood),2,Lindbergh,0
2017-09-21,Southern Boone,2,Linn,0
2017-09-21,Purdy,0,Lockwood,2
2017-09-21,Springfield Catholic,0,Logan-Rogersville,2
2017-09-21,St. Paul Lutheran (Concordia),0,Lone Jack,2
2017-09-21,Crest Ridge,2,Lutheran (Kansas City),0
2017-09-21,Sikeston,0,Malden,2
2017-09-21,Verona,0,McAuley Catholic,2
2017-09-21,Lutheran North,2,McCluer North,0
2017-09-21,Carthage,2,McDonald County,0
2017-09-21,Charleston,0,Meadow Heights,2
2017-09-21,Northeast Vernon County,0,Miami (Amoret),2
2017-09-21,West Platte,0,Mid-Buchanan,2
2017-09-21,Lakeland,0,Midway,2
2017-09-21,Cassville,2,Monett,1
2017-09-21,Carl Junction,2,Neosho,0
2017-09-21,Lutheran South,2,Nerinx Hall,1
2017-09-21,St. Joseph's Academy,2,New Haven,0
2017-09-21,Republic,0,Nixa,2
2017-09-21,Jennings,2,Normandy Collaborative,0
2017-09-21,Bowling Green,2,North Callaway,1
2017-09-21,Ste. Genevieve,2,North County,0
2017-09-21,Eureka,1,Northwest (Cedar Hill),2
2017-09-21,Staley,0,Oak Park,2
2017-09-21,St. Charles,1,Orchard Farm,2
2017-09-21,Wellington-Napoleon,2,Orrick,0
2017-09-21,Archie,0,Osceola,2
2017-09-21,Pacific,1,Owensville,2
2017-09-21,Branson,0,Ozark,2
2017-09-21,Lee's Summit,2,Park Hill,0
2017-09-21,Liberty North,0,Park Hill South,2
2017-09-21,Mehlville,2,Parkway South,0
2017-09-21,Golden City,1,Pierce City,2
2017-09-21,Excelsior Springs,0,Pleasant Hill,2
2017-09-21,Bernie,2,Portageville,0
2017-09-21,Farmington,2,Potosi,0
2017-09-21,Platte County,2,Raytown South,0
2017-09-21,Drexel,2,Rich Hill,0
2017-09-21,Pattonville,0,Rockwood Summit,2
2017-09-21,West Plains,1,Rolla,2
2017-09-21,Notre Dame (St. Louis),2,Springfield Catholic,1
2017-09-21,Eugene,2,Sarcoxie,0
2017-09-21,Northwest (Hughesville),0,Sacred Heart,2
2017-09-21,Ava,2,Salem,1
2017-09-21,Miller,0,Sarcoxie,2
2017-09-21,Maryville,2,Savannah,1
2017-09-21,Perryville,1,Saxony Lutheran,2
2017-09-21,Bell City,0,Seneca,2
2017-09-21,Marquette,2,Seckman,0
2017-09-21,Aurora,2,Seneca,0
2017-09-21,Pleasant Hope,0,Skyline,2
2017-09-21,Lafayette (St. Joseph),0,Sparta,2
2017-09-21,Trenton,2,South Harrison,0
2017-09-21,Lesterville,2,South Iron,0
2017-09-21,Wheaton,2,Southwest (Washburn),1
2017-09-21,Crane,1,Spokane,2
2017-09-21,Wright City,2,St. Charles West,0
2017-09-21,Ursuline Academy,0,St. Joseph's Academy,2
2017-09-21,Clinton,0,St. Michael the Archangel,2
2017-09-21,Savannah,0,St. Pius X (Kansas City),2
2017-09-21,Blue Springs,0,St. Teresa's Academy,2
2017-09-21,La Monte,0,Willard,2
2017-09-21,Stockton,0,Winona,2
2017-09-21,Sherwood,0,Summit Christian Academy,3
2017-09-21,Transportation and Law,0,West Plains,2
2017-09-21,Cabool,2,Thayer,0
2017-09-21,Liberal,2,Thomas Jefferson Independent Day,0
2017-09-21,McCluer South-Berkeley,0,University City,2
2017-09-21,West County,0,Valle Catholic,2
2017-09-21,Visitation Academy,0,Villa Duchesne,2
2017-09-21,Winfield,2,Warrenton,1
2017-09-21,St. Joseph's Academy,1,Washington,2
2017-09-21,Lebanon,2,Waynesville,0
2017-09-21,Webb City,0,Willard,2
2017-09-21,Ruskin,0,William Chrisman,2
2017-09-21,Cole Camp,2,Windsor,1
2017-09-21,North Kansas City,0,Winnetonka,2
2017-09-22,Hume,2,Ballard,0
2017-09-22,Valley Park,0,Bayless,2
2017-09-22,Dixon,0,Calvary Lutheran,2
2017-09-22,Viburnum,2,Clearwater,0
2017-09-22,Trinity Catholic,0,Duchesne,2
2017-09-22,Lutheran St. Charles,1,Duchesne,1
2017-09-22,Ft. Zumwalt East,0,Duchesne,2
2017-09-22,Blue Eye,2,Exeter,0
2017-09-22,Timberland,2,Francis Howell North,0
2017-09-22,Westminster Christian Academy,1,Francis Howell North,1
2017-09-22,Parkway South,1,Francis Howell North,2
2017-09-22,Hazelwood Central,0,Ft. Zumwalt North,2
2017-09-22,Hazelwood East,0,Ft. Zumwalt North,2
2017-09-22,Fordland,2,Galena,0
2017-09-22,Holt,2,Hazelwood Central,0
2017-09-22,Holt,2,Hazelwood East,0
2017-09-22,Parkway North,0,Hazelwood West,2
2017-09-22,Clarkton,2,Holcomb,0
2017-09-22,Ritenour,0,Ladue Horton Watkins,2
2017-09-22,University City,0,Ladue Horton Watkins,2
2017-09-22,Trinity Catholic,0,Lutheran St. Charles,2
2017-09-22,Ft. Zumwalt East,0,Lutheran St. Charles,2
2017-09-22,Westminster Christian Academy,0,Lutheran St. Charles,2
2017-09-22,Brentwood,2,Maplewood-Richmond Hts.,0
2017-09-22,Greenville,0,Meadow Heights,2
2017-09-22,North Technical,2,Normandy Collaborative,1
2017-09-22,Sheldon,1,Northeast Vernon County,2
2017-09-22,Leopold,0,Notre Dame (Cape Girardeau),2
2017-09-22,Affton,0,Parkway Central,2
2017-09-22,Timberland,1,Parkway South,1
2017-09-22,Westminster Christian Academy,2,Parkway South,0
2017-09-22,Bunker,1,Plato,2
2017-09-22,Marquette,2,Seckman,0
2017-09-22,North Pemiscot,2,Southland,0
2017-09-22,Springfield Catholic,0,St. Dominic,2
2017-09-22,Belle,0,Warsaw,2
2017-09-22,Westminster Christian Academy,0,Timberland,2
2017-09-22,Lutheran St. Charles,0,Timberland,2
2017-09-22,Ft. Zumwalt East,2,Trinity Catholic,0
2017-09-22,Ellington,0,Winona,2
2017-09-22,Richland (Essex),0,Woodland,3
2017-09-23,Warrensburg,2,Adrian,0
2017-09-23,Battle,0,Adrian,2
2017-09-23,Lexington,0,Adrian,2
2017-09-23,California,2,Adrian,0
2017-09-23,North Kansas City,1,Belton,1
2017-09-23,Excelsior Springs,2,Belton,0
2017-09-23,Central (St. Joseph),2,Belton,0
2017-09-23,St. Pius X (Kansas City),2,Belton,0
2017-09-23,Harrisonville,1,Belton,1
2017-09-23,Lutheran (Kansas City),1,Bishop LeBlond,1
2017-09-23,Villa Duchesne,1,Blue Springs,2
2017-09-23,Francis Howell,2,Blue Springs,1
2017-09-23,Pleasant Hill,0,Blue Springs South,2
2017-09-23,Incarnate Word Academy,0,Blue Springs South,2
2017-09-23,St. Teresa's Academy,2,Blue Springs South,0
2017-09-23,Lafayette (Wildwood),2,Blue Springs South,0
2017-09-23,El Dorado Springs,1,Bolivar,1
2017-09-23,Stockton,1,Bolivar,2
2017-09-23,Sarcoxie,0,Bolivar,2
2017-09-23,Cabool,1,Buffalo,1
2017-09-23,El Dorado Springs,0,Buffalo,2
2017-09-23,Bolivar,2,Buffalo,0
2017-09-23,Parkview,2,Buffalo,0
2017-09-23,Chamois,1,Bunceton,1
2017-09-23,Linn,2,Bunceton,0
2017-09-23,El Dorado Springs,1,Cabool,1
2017-09-23,Bolivar,2,Cabool,0
2017-09-23,Sarcoxie,2,Cabool,0
2017-09-23,Rolla,2,Cabool,0
2017-09-23,Fair Grove,2,Cabool,0
2017-09-23,Mountain Grove,0,Cabool,2
2017-09-23,Eminence,2,Cabool,0
2017-09-23,Central (Springfield),0,Carl Junction,2
2017-09-23,Eminence,0,Carl Junction,2
2017-09-23,Northwest (Cedar Hill),0,Carl Junction,2
2017-09-23,Grain Valley,0,Carl Junction,2
2017-09-23,Joplin,0,Carl Junction,2
2017-09-23,Southwest (Washburn),0,Cassville,2
2017-09-23,Wheaton,0,Cassville,2
2017-09-23,Savannah,0,Cassville,2
2017-09-23,Eminence,1,Central (Springfield),2
2017-09-23,Republic,1,Central (Springfield),2
2017-09-23,Excelsior Springs,0,Central (St. Joseph),2
2017-09-23,Grandview,0,Central (St. Joseph),2
2017-09-23,Fort Osage,0,Central (St. Joseph),2
2017-09-23,St. Pius X (Festus),2,Central (St. Joseph),0
2017-09-23,St. Pius X (Kansas City),2,Central (St. Joseph),0
2017-09-23,Linn,2,Chamois,0
2017-09-23,Lutheran (Kansas City),1,Chillicothe,1
2017-09-23,Bishop LeBlond,2,Chillicothe,0
2017-09-23,West Platte,1,Chillicothe,1
2017-09-23,Maryville,2,Chillicothe,1
2017-09-23,Verona,0,Crane,2
2017-09-23,Wheaton,0,Crane,2
2017-09-23,Verona,0,Diamond,2
2017-09-23,Crane,0,Diamond,2
2017-09-23,Westminster Christian Academy,2,Duchesne,0
2017-09-23,Liberty (Mountain View),0,Eminence,2
2017-09-23,Fort Osage,0,Excelsior Springs,2
2017-09-23,St. Pius X (Kansas City),2,Excelsior Springs,0
2017-09-23,Villa Duchesne,0,Francis Howell,2
2017-09-23,Nixa,2,Francis Howell,0
2017-09-23,Parkway South,1,Francis Howell North,1
2017-09-23,Ft. Zumwalt East,0,Francis Howell North,2
2017-09-23,Timberland,2,Francis Howell North,0
2017-09-23,Holt,2,Ft. Zumwalt North,0
2017-09-23,Ladue Horton Watkins,2,Ft. Zumwalt North,0
2017-09-23,Ritenour,1,Ft. Zumwalt North,2
2017-09-23,Jasper,2,Golden City,0
2017-09-23,Rich Hill,1,Golden City,1
2017-09-23,Thomas Jefferson Independent Day,0,Golden City,2
2017-09-23,Republic,0,Grain Valley,2
2017-09-23,Lebanon,0,Grain Valley,2
2017-09-23,Excelsior Springs,2,Grandview,0
2017-09-23,Fort Osage,2,Grandview,0
2017-09-23,McAuley Catholic,2,Greenfield,0
2017-09-23,Golden City,1,Greenfield,1
2017-09-23,Rich Hill,2,Greenfield,0
2017-09-23,Liberty (Wentzville),2,Hannibal,0
2017-09-23,Troy Buchanan,0,Hannibal,2
2017-09-23,St. Charles West,0,Hannibal,2
2017-09-23,North Kansas City,1,Harrisonville,1
2017-09-23,St. Pius X (Kansas City),2,Harrisonville,0
2017-09-23,Hazelwood East,0,Hazelwood Central,2
2017-09-23,Lincoln College Prep,2,Hogan Prep Academy Charter,0
2017-09-23,Plattsburg,2,Hogan Prep Academy Charter,0
2017-09-23,Washington,2,Hogan Prep Academy Charter,0
2017-09-23,St. Teresa's Academy,2,Incarnate Word Academy,0
2017-09-23,Lutheran South,2,Incarnate Word Academy,0
2017-09-23,McAuley Catholic,0,Jasper,2
2017-09-23,Thomas Jefferson Independent Day,0,Jasper,2
2017-09-23,Neosho,0,Joplin,2
2017-09-23,Northwest (Cedar Hill),2,Joplin,0
2017-09-23,McDonald County,0,Joplin,2
2017-09-23,Lafayette (Wildwood),2,Kickapoo,0
2017-09-23,Pleasant Hill,0,Kickapoo,2
2017-09-23,Lee's Summit North,1,Kickapoo,2
2017-09-23,Liberty (Wentzville),1,Kirkwood,1
2017-09-23,Hannibal,0,Kirkwood,2
2017-09-23,St. Charles,0,Kirkwood,2
2017-09-23,Oakville,0,Kirkwood,2
2017-09-23,Holt,0,Ladue Horton Watkins,2
2017-09-23,Midway,1,Lafayette (St. Joseph),1
2017-09-23,Lutheran (Kansas City),2,Lafayette (St. Joseph),0
2017-09-23,Savannah,1,Lafayette (St. Joseph),1
2017-09-23,Maryville,1,Lafayette (St. Joseph),1
2017-09-23,Lee's Summit North,0,Lafayette (Wildwood),2
2017-09-23,Nixa,0,Lafayette (Wildwood),2
2017-09-23,Liberty (Mountain View),0,Lebanon,2
2017-09-23,Incarnate Word Academy,2,Lee's Summit North,1
2017-09-23,Warrensburg,2,Lexington,0
2017-09-23,Battle,2,Lexington,0
2017-09-23,Marshall,0,Lexington,2
2017-09-23,St. Charles,2,Liberty,0
2017-09-23,Neosho,0,Liberty (Mountain View),2
2017-09-23,Plattsburg,1,Lincoln College Prep,1
2017-09-23,Marshall,1,Lone Jack,1
2017-09-23,Santa Fe,2,Lone Jack,0
2017-09-23,California,2,Lone Jack,0
2017-09-23,Battle,2,Lone Jack,0
2017-09-23,Villa Duchesne,1,Lutheran South,2
2017-09-23,Westminster Christian Academy,0,Lutheran St. Charles,2
2017-09-23,California,2,Marshall,0
2017-09-23,Santa Fe,2,Marshall,0
2017-09-23,Stockton,0,Marshfield,2
2017-09-23,Sarcoxie,1,Marshfield,1
2017-09-23,Parkview,0,Marshfield,2
2017-09-23,Bolivar,0,Marshfield,2
2017-09-23,El Dorado Springs,0,Marshfield,2
2017-09-23,Midway,1,Maryville,1
2017-09-23,Lutheran (Kansas City),2,Maryville,0
2017-09-23,Savannah,1,Maryville,1
2017-09-23,Bishop LeBlond,2,Maryville,1
2017-09-23,Northwest (Cedar Hill),2,McDonald County,0
2017-09-23,Neosho,1,McDonald County,2
2017-09-23,Rolla,2,Mexico,0
2017-09-23,Webb City,2,Mexico,0
2017-09-23,Wright City,2,Mexico,0
2017-09-23,West Plains,2,Mexico,0
2017-09-23,John Burroughs,2,MICDS,0
2017-09-23,Lutheran (Kansas City),0,Midway,2
2017-09-23,West Platte,0,Midway,2
2017-09-23,Bishop LeBlond,1,Midway,2
2017-09-23,Eminence,2,Nevada,0
2017-09-23,Republic,2,Nevada,1
2017-09-23,Grain Valley,2,Nevada,0
2017-09-23,Lutheran South,0,Nixa,2
2017-09-23,Bunceton,0,North Callaway,2
2017-09-23,Linn,2,North Callaway,0
2017-09-23,Chamois,1,North Callaway,1
2017-09-23,St. Pius X (Kansas City),2,North Kansas City,0
2017-09-23,Cristo Rey,2,Northeast (Kansas City),0
2017-09-23,Ruskin,2,Northeast (Kansas City),0
2017-09-23,Neosho,0,Northwest (Cedar Hill),2
2017-09-23,Troy Buchanan,0,Oakville,2
2017-09-23,Liberty (Wentzville),0,Oakville,2
2017-09-23,St. Charles,0,Oakville,2
2017-09-23,Whitfield,0,Oakville,2
2017-09-23,Webb City,0,Osage,2
2017-09-23,Rolla,1,Osage,2
2017-09-23,Houston,0,Osage,2
2017-09-23,Waynesville,1,Osage,1
2017-09-23,West Plains,2,Osage,0
2017-09-23,Stockton,1,Parkview,1
2017-09-23,Sarcoxie,2,Parkview,0
2017-09-23,Trinity Catholic,0,Parkway South,2
2017-09-23,St. Teresa's Academy,2,Pleasant Hill,1
2017-09-23,Incarnate Word Academy,0,Pleasant Hill,2
2017-09-23,McAuley Catholic,2,Rich Hill,0
2017-09-23,Holt,2,Ritenour,0
2017-09-23,University City,0,Ritenour,2
2017-09-23,Wright City,1,Rolla,1
2017-09-23,Webb City,0,Rolla,2
2017-09-23,Houston,0,Rolla,2
2017-09-23,Waynesville,0,Rolla,2
2017-09-23,Cristo Rey,1,Ruskin,1
2017-09-23,West Plains,2,Ruskin,0
2017-09-23,California,2,Santa Fe,0
2017-09-23,Stockton,0,Sarcoxie,2
2017-09-23,Midway,2,Savannah,0
2017-09-23,Bishop LeBlond,2,Savannah,1
2017-09-23,East (Kansas City),2,Southeast,0
2017-09-23,Wheaton,1,Southwest (Washburn),1
2017-09-23,Troy Buchanan,1,St. Charles,1
2017-09-23,Liberty (Wentzville),0,St. Charles,2
2017-09-23,Whitfield,0,St. Charles,2
2017-09-23,Liberty (Wentzville),2,St. Charles West,0
2017-09-23,Whitfield,2,St. Charles West,0
2017-09-23,Wright City,2,Webb City,0
2017-09-23,McAuley Catholic,2,Thomas Jefferson Independent Day,0
2017-09-23,Duchesne,0,Timberland,2
2017-09-23,Lutheran St. Charles,0,Timberland,2
2017-09-23,Ft. Zumwalt East,2,Trinity Catholic,0
2017-09-23,Whitfield,1,Troy Buchanan,1
2017-09-23,East (Kansas City),1,University Academy Charter,1
2017-09-23,Southeast,0,University Academy Charter,2
2017-09-23,Cristo Rey,1,University Academy Charter,2
2017-09-23,Washington,2,University Academy Charter,1
2017-09-23,Battle,0,Warrensburg,2
2017-09-23,Santa Fe,2,Warrensburg,0
2017-09-23,Wright City,0,Waynesville,2
2017-09-23,Houston,0,Waynesville,2
2017-09-23,West Plains,2,Waynesville,0
2017-09-23,Liberty (Mountain View),2,Webb City,1
2017-09-23,Lebanon,1,Webb City,2
2017-09-23,Houston,0,West Plains,2
2017-09-23,Bishop LeBlond,2,West Platte,0
2017-09-23,Lutheran (Kansas City),2,West Platte,0
2017-09-25,Summit Christian Academy,1,Adrian,2
2017-09-25,Bayless,0,Affton,2
2017-09-25,Saxony Lutheran,2,Bell City,0
2017-09-25,Salem,2,Bunker,0
2017-09-25,Stockton,2,Butler,0
2017-09-25,Wright City,0,Cabool,2
2017-09-25,Rock Bridge,2,California,1
2017-09-25,Malden,1,Campbell,2
2017-09-25,Lexington,2,Carrollton,0
2017-09-25,Fredericktown,2,Central (Cape Girardeau),1
2017-09-25,University Academy Charter,2,Central (Kansas City),0
2017-09-25,Kennett,1,Central (New Madrid County),2
2017-09-25,Lebanon,2,Central (Springfield),1
2017-09-25,North Callaway,0,Centralia,2
2017-09-25,Portageville,2,Clarkton,0
2017-09-25,Lutheran North,2,Clayton,0
2017-09-25,Greenville,1,Clearwater,2
2017-09-25,Southwest (Washburn),0,Crane,2
2017-09-25,Webb City,2,Cuba,0
2017-09-25,Nevada,2,El Dorado Springs,0
2017-09-25,Mountain Grove,0,Eminence,2
2017-09-25,Chamois,1,Eugene,2
2017-09-25,Crystal City,0,Festus,2
2017-09-25,Parkway Central,1,Ft. Zumwalt East,2
2017-09-25,Winfield,0,Ft. Zumwalt North,2
2017-09-25,Branson,2,Glendale,0
2017-09-25,Warsaw,0,Hallsville,2
2017-09-25,Maplewood-Richmond Hts.,2,Hancock,0
2017-09-25,North Pemiscot,2,Hayti,0
2017-09-25,East (Kansas City),2,Hogan Prep Academy Charter,0
2017-09-25,Summersville,2,Holcomb,0
2017-09-25,Fordland,2,Hurley,0
2017-09-25,Farmington,0,Jackson,2
2017-09-25,Grandview (Hillsboro),2,Kingston,0
2017-09-25,Thayer,2,Koshkonong,0
2017-09-25,Benton,1,Lafayette (St. Joseph),2
2017-09-25,Liberty (Mountain View),2,Lesterville,1
2017-09-25,Staley,0,Liberty,2
2017-09-25,Dixon,0,Licking,2
2017-09-25,Osceola,2,Lincoln,0
2017-09-25,West Plains,0,Logan-Rogersville,2
2017-09-25,Principia,0,Lutheran St. Charles,2
2017-09-25,Billings,2,Marionville,0
2017-09-25,Meadow Heights,2,Marquand-Zion,0
2017-09-25,Francis Howell Central,0,Marquette,2
2017-09-25,Golden City,0,McAuley Catholic,2
2017-09-25,Normandy Collaborative,0,McCluer South-Berkeley,2
2017-09-25,Sheldon,0,Miami (Amoret),2
2017-09-25,Pembroke Hill,2,Midway,1
2017-09-25,McCluer,2,Miller Career Academy,0
2017-09-25,Ash Grove,0,New Heights Christian,2
2017-09-25,Exeter,0,Niangua,2
2017-09-25,McCluer North,2,North Technical,0
2017-09-25,East Buchanan,0,Northland Christian,2
2017-09-25,Advance,2,Oak Ridge,0
2017-09-25,Bloomfield,2,Oran,0
2017-09-25,Concordia,0,Orrick,2
2017-09-25,Skyline,0,Osage,2
2017-09-25,Willard,2,Otterville,0
2017-09-25,Rolla,2,Owensville,0
2017-09-25,St. Joseph Christian,2,Penney,0
2017-09-25,DeSoto,2,Potosi,0
2017-09-25,Dexter,2,Puxico,0
2017-09-25,Ruskin,0,Raytown,2
2017-09-25,Parkview,2,Reeds Spring,1
2017-09-25,Charleston,2,Richland (Essex),0
2017-09-25,University City,2,Riverview Gardens,0
2017-09-25,Marshall,0,Santa Fe,2
2017-09-25,Lamar,0,Sarcoxie,2
2017-09-25,Caruthersville,2,Senath-Hornersville,0
2017-09-25,Crest Ridge,2,Sherwood,0
2017-09-25,St. Michael the Archangel,1,Savannah,2
2017-09-25,Nodaway-Holt,2,St. James,1
2017-09-25,Eldon,2,Southern Boone,1
2017-09-25,Forsyth,1,Spokane,2
2017-09-25,Buffalo,0,Springfield Catholic,2
2017-09-25,Lafayette (Wildwood),2,St. Joseph's Academy,1
2017-09-25,Central (Park Hills),0,St. Pius X (Festus),2
2017-09-25,Woodland,0,St. Vincent,2
2017-09-25,Bismarck,0,Ste. Genevieve,2
2017-09-25,St. James,0,Warsaw,2
2017-09-25,Clever,0,Winona,2
2017-09-25,Sarcoxie,0,Tipton,2
2017-09-25,Chillicothe,2,Trenton,0
2017-09-25,Hillsboro,1,Union,0
2017-09-25,Windsor (Imperial),0,Valle Catholic,2
2017-09-25,South Iron,0,Viburnum,2
2017-09-25,Hermann,0,Washington,2
2017-09-25,Platte County,2,William Chrisman,0
2017-09-25,St. Paul Lutheran (Farmington),0,Zalma,2
2017-09-26,Valle Catholic,2,Arcadia Valley,1
2017-09-26,Drexel,2,Archie,0
2017-09-26,Mt. Vernon,0,Aurora,2
2017-09-26,Hancock,2,Bayless,0
2017-09-26,Bourbon,0,Belle,2
2017-09-26,Raytown South,0,Belton,2
2017-09-26,St. Clair,1,Bernie,2
2017-09-26,Cardinal Ritter,0,Bishop DuBourg,2
2017-09-26,West Platte,0,Bishop LeBlond,2
2017-09-26,Advance,2,Bloomfield,1
2017-09-26,Spokane,1,Blue Eye,2
2017-09-26,Hollister,0,Bolivar,2
2017-09-26,Carl Junction,2,Branson,0
2017-09-26,Conway,0,Cabool,2
2017-09-26,Otterville,2,Calhoun,1
2017-09-26,Versailles,0,California,2
2017-09-26,Hallsville,2,Calvary Lutheran,0
2017-09-26,East Buchanan,2,Cameron,0
2017-09-26,Transportation and Law,0,Carnahan,2
2017-09-26,Holden,2,Carrollton,0
2017-09-26,Willard,2,Carthage,0
2017-09-26,East Newton,2,Cassville,0
2017-09-26,Savannah,2,Center,0
2017-09-26,Lincoln College Prep,2,Central (Kansas City),0
2017-09-26,Richland (Essex),0,Central (New Madrid County),2
2017-09-26,Glendale,2,Central (Springfield),0
2017-09-26,Park Hill South,2,Central (St. Joseph),0
2017-09-26,Doniphan,2,Charleston,0
2017-09-26,Orrick,2,Chilhowee,0
2017-09-26,Ash Grove,0,Clever,2
2017-09-26,St. Pius X (Kansas City),2,Clinton,0
2017-09-26,Tipton,0,Cole Camp,2
2017-09-26,Southland,1,Cooter,2
2017-09-26,Nerinx Hall,0,Cor Jesu Academy,2
2017-09-26,Brentwood,2,Crossroads College Preparatory,0
2017-09-26,Viburnum,2,Cuba,1
2017-09-26,St. Vincent,2,DeSoto,0
2017-09-26,Pierce City,1,Diamond,2
2017-09-26,Warsaw,2,Dixon,0
2017-09-26,Springfield Catholic,0,El Dorado Springs,2
2017-09-26,St. Paul Lutheran (Farmington),0,Ellington,2
2017-09-26,Lindbergh,1,Eureka,2
2017-09-26,Grain Valley,2,Excelsior Springs,0
2017-09-26,Pleasant Hope,0,Fair Grove,2
2017-09-26,Central (Park Hills),0,Farmington,2
2017-09-26,Galena,2,Forsyth,1
2017-09-26,Parkway South,2,Fox,0
2017-09-26,Francis Howell North,1,Francis Howell Central,2
2017-09-26,North County,1,Fredericktown,2
2017-09-26,Holt,2,Ft. Zumwalt South,1
2017-09-26,McKinley Classical Leadership,0,Gateway,2
2017-09-26,North Technical,0,Gateway Science Charter,2
2017-09-26,Smithton,0,Green Ridge,2
2017-09-26,Lockwood,2,Greenfield,0
2017-09-26,Northeast (Kansas City),2,Guadalupe Centers Charter,0
2017-09-26,Hazelwood East,0,Hazelwood Central,2
2017-09-26,McCluer,0,Hazelwood West,2
2017-09-26,Battle,0,Helias Catholic,2
2017-09-26,Festus,2,Herculaneum,0
2017-09-26,Camdenton,1,Hickman,2
2017-09-26,Bronaugh,0,Hume,2
2017-09-26,Ursuline Academy,1,Incarnate Word Academy,2
2017-09-26,Golden City,0,Jasper,2
2017-09-26,St. Pius X (Festus),2,Jefferson (Festus),0
2017-09-26,Kickapoo,2,Jefferson City,0
2017-09-26,Clayton,2,Jennings,0
2017-09-26,Lutheran North,1,John Burroughs,2
2017-09-26,Grandview,0,Kearney,2
2017-09-26,Chillicothe,2,Lafayette (St. Joseph),0
2017-09-26,Seckman,0,Lafayette (Wildwood),2
2017-09-26,Adrian,2,Lakeland,0
2017-09-26,McDonald County,0,Lamar,2
2017-09-26,St. Teresa's Academy,2,Lee's Summit,0
2017-09-26,Blue Springs South,1,Lee's Summit North,2
2017-09-26,Park Hill,0,Lee's Summit West,2
2017-09-26,Woodland,2,Leopold,1
2017-09-26,Lafayette County,0,Lexington,2
2017-09-26,Dexter,2,Liberty (Mountain View),0
2017-09-26,Wright City,1,Licking,2
2017-09-26,Wellington-Napoleon,0,Lone Jack,2
2017-09-26,Caruthersville,0,Malden,2
2017-09-26,Winona,2,Marionville,0
2017-09-26,Fulton,2,Marshall,1
2017-09-26,Reeds Spring,1,Marshfield,2
2017-09-26,Riverview Gardens,0,McCluer North,2
2017-09-26,Saxony Lutheran,2,Meadow Heights,0
2017-09-26,Collegiate School of Med-Bio Science,0,Metro,2
2017-09-26,Villa Duchesne,2,MICDS,0
2017-09-26,Liberal,2,Miller,1
2017-09-26,West Plains,0,Miller Career Academy,2
2017-09-26,Bunceton,3,Missouri School for the Deaf,0
2017-09-26,Centralia,0,Montgomery County,2
2017-09-26,Nixa,2,Neosho,0
2017-09-26,St. Michael the Archangel,2,Nevada,0
2017-09-26,Union,0,New Haven,2
2017-09-26,Lutheran (Kansas City),2,North Platte,0
2017-09-26,Ballard,1,Northeast Vernon County,2
2017-09-26,Mehlville,1,Northwest (Cedar Hill),2
2017-09-26,Lincoln,0,Northwest (Hughesville),2
2017-09-26,St. Dominic,2,Notre Dame (St. Louis),0
2017-09-26,Harrisonville,0,Oak Grove,2
2017-09-26,North Kansas City,0,Oak Park,2
2017-09-26,Marquette,1,Oakville,2
2017-09-26,Pleasant Hill,2,Odessa,0
2017-09-26,Bell City,0,Oran,2
2017-09-26,Warrenton,2,Orchard Farm,0
2017-09-26,Midway,0,Osceola,2
2017-09-26,St. James,0,Owensville,2
2017-09-26,Republic,0,Ozark,2
2017-09-26,Hermann,2,Pacific,1
2017-09-26,Waynesville,0,Parkview,2
2017-09-26,Parkway North,0,Parkway Central,2
2017-09-26,Jackson,1,Perryville,2
2017-09-26,Thayer,0,Plato,2
2017-09-26,Northland Christian,2,Plattsburg,0
2017-09-26,Sikeston,2,Portageville,0
2017-09-26,Westminster Christian Academy,2,Principia,0
2017-09-26,Sarcoxie,2,Purdy,0
2017-09-26,Blue Springs,0,Raymore-Peculiar,2
2017-09-26,Liberty North,2,Raytown,0
2017-09-26,Knob Noster,2,Richmond,0
2017-09-26,Father Tolton,0,Rock Bridge,2
2017-09-26,Kirkwood,2,Rockwood Summit,0
2017-09-26,Cleveland NJROTC,0,Roosevelt,2
2017-09-26,St. Joseph's Academy,2,Springfield Catholic,0
2017-09-26,La Monte,0,Sacred Heart,2
2017-09-26,St. Paul Lutheran (Concordia),0,Santa Fe,2
2017-09-26,Lawson,2,Savannah,1
2017-09-26,Chadwick,0,School of the Ozarks,2
2017-09-26,Monett,0,Seneca,2
2017-09-26,Notre Dame de Sion,2,Sparta,0
2017-09-26,Mid-Buchanan,2,St. James,0
2017-09-26,McAuley Catholic,0,Southwest (Washburn),2
2017-09-26,Bradleyville,1,Union,2
2017-09-26,St. Charles West,0,St. Charles,2
2017-09-26,Nodaway-Holt,2,St. Joseph Christian,0
2017-09-26,Fort Osage,0,Staley,2
2017-09-26,Potosi,0,Ste. Genevieve,2
2017-09-26,Skyline,2,Stockton,1
2017-09-26,St. Clair,0,Webb City,2
2017-09-26,Francis Howell,1,Timberland,2
2017-09-26,Lathrop,2,Trenton,0
2017-09-26,Veritas Christian Academy,2,Trinity Catholic,0
2017-09-26,Ft. Zumwalt West,1,Troy Buchanan,2
2017-09-26,Bismarck,2,Valley,0
2017-09-26,Maplewood-Richmond Hts.,2,Valley Park,0
2017-09-26,Sherwood,3,Versailles,1
2017-09-26,Soldan International Studies,1,Waynesville,2
2017-09-26,Everton,0,Verona,2
2017-09-26,Ft. Zumwalt North,0,Washington,2
2017-09-26,Joplin,0,Webb City,2
2017-09-26,Lutheran South,2,Webster Groves,0
2017-09-26,Kingston,0,West County,2
2017-09-26,Houston,0,West Plains,2
2017-09-26,Billings,2,Wheaton,0
2017-09-26,Pattonville,2,Whitfield,1
2017-09-26,Winona,2,Willow Springs,0
2017-09-26,Willard,0,Windsor,2
2017-09-26,Affton,0,Windsor (Imperial),2
2017-09-26,Platte County,2,Winnetonka,0
2017-09-27,Westminster Christian Academy,2,Affton,1
2017-09-27,Bishop DuBourg,2,Bayless,0
2017-09-27,Roosevelt,2,Confluence Prep Academy Charter,0
2017-09-27,North Technical,0,Crossroads College Preparatory,2
2017-09-27,Valley,2,Crystal City,0
2017-09-27,Pacific,0,Hillsboro,2
2017-09-27,St. Charles,1,Holt,2
2017-09-27,Brentwood,2,Jennings,0
2017-09-27,Nerinx Hall,1,Kirkwood,2
2017-09-27,Mehlville,2,Ladue Horton Watkins,1
2017-09-27,Jefferson City,2,Lebanon,1
2017-09-27,Central (St. Joseph),0,Lee's Summit West,2
2017-09-27,Ft. Zumwalt East,2,Liberty (Wentzville),0
2017-09-27,Oak Ridge,0,Meadow Heights,2
2017-09-27,University City,0,Metro,2
2017-09-27,Lift for Life Academy Charter,1,Miller Career Academy,2
2017-09-27,Mexico,2,North Callaway,0
2017-09-27,Ft. Zumwalt North,1,Parkway North,2
2017-09-27,St. Joseph's Academy,2,St. Dominic,0
2017-09-27,Lutheran St. Charles,0,Veritas Christian Academy,2
2017-09-28,Osceola,0,Adrian,2
2017-09-28,Pembroke Hill,0,Barstow,2
2017-09-28,Fatima,0,Battle,2
2017-09-28,Warsaw,2,Belle,0
2017-09-28,Lafayette (St. Joseph),0,Bishop LeBlond,2
2017-09-28,West County,2,Bismarck,1
2017-09-28,Helias Catholic,2,Blair Oaks,0
2017-09-28,Bernie,1,Bloomfield,2
2017-09-28,Crane,0,Blue Eye,2
2017-09-28,Logan-Rogersville,2,Bolivar,0
2017-09-28,Fordland,2,Bradleyville,0
2017-09-28,Hancock,0,Brentwood,2
2017-09-28,Concordia,2,Brookfield,0
2017-09-28,South Iron,2,Bunker,0
2017-09-28,University Academy Charter,0,Butler,3
2017-09-28,Chamois,0,Calvary Lutheran,2
2017-09-28,Sparta,2,Cameron,0
2017-09-28,Holcomb,0,Campbell,2
2017-09-28,Veritas Christian Academy,2,Cardinal Ritter,0
2017-09-28,Carthage,2,Carl Junction,0
2017-09-28,Collegiate School of Med-Bio Science,0,Carnahan,2
2017-09-28,Central (New Madrid County),0,Caruthersville,2
2017-09-28,Purdy,0,Cassville,2
2017-09-28,Potosi,0,Central (Park Hills),2
2017-09-28,Summersville,2,Charleston,1
2017-09-28,Bell City,0,Clarkton,2
2017-09-28,Maplewood-Richmond Hts.,2,Clayton,0
2017-09-28,Gateway,2,Cleveland NJROTC,0
2017-09-28,Sacred Heart,1,Cole Camp,1
2017-09-28,La Monte,0,Cole Camp,2
2017-09-28,Ava,2,Conway,0
2017-09-28,Wellington-Napoleon,2,Crest Ridge,1
2017-09-28,Valley Park,0,Crystal City,2
2017-09-28,Senath-Hornersville,2,Delta (Deering),0
2017-09-28,Poplar Bluff,0,Dexter,2
2017-09-28,Greenfield,0,Diamond,2
2017-09-28,Linn,2,Dixon,0
2017-09-28,Seneca,2,East Newton,0
2017-09-28,Seckman,0,Eureka,2
2017-09-28,Odessa,1,Excelsior Springs,2
2017-09-28,Hickman,2,Father Tolton,0
2017-09-28,Oak Park,2,Fort Osage,0
2017-09-28,Mehlville,2,Fox,1
2017-09-28,Troy Buchanan,0,Ft. Zumwalt South,2
2017-09-28,Liberty (Wentzville),0,Ft. Zumwalt West,2
2017-09-28,Kirksville,0,Fulton,2
2017-09-28,Wheaton,1,Galena,1
2017-09-28,Miller,2,Golden City,0
2017-09-28,Belton,2,Grandview,0
2017-09-28,Cuba,0,Grandview (Hillsboro),2
2017-09-28,Lincoln,0,Green Ridge,2
2017-09-28,Smithton,0,Green Ridge,2
2017-09-28,Doniphan,1,Greenville,1
2017-09-28,Rock Bridge,2,Hannibal,0
2017-09-28,Grain Valley,2,Harrisonville,0
2017-09-28,McCluer North,0,Hazelwood East,2
2017-09-28,New Haven,0,Hermann,2
2017-09-28,Kickapoo,2,Hillcrest,0
2017-09-28,Clever,2,Hollister,0
2017-09-28,Chadwick,0,Hurley,2
2017-09-28,Ladue Horton Watkins,2,Incarnate Word Academy,1
2017-09-28,Leopold,0,Jackson,2
2017-09-28,University City,2,Jennings,1
2017-09-28,Notre Dame (St. Louis),0,John Burroughs,2
2017-09-28,Camdenton,1,Joplin,2
2017-09-28,Central (Cape Girardeau),0,Kennett,2
2017-09-28,Arcadia Valley,2,Kingston,0
2017-09-28,Frontier School of Excellence Charter,0,Kingsville,2
2017-09-28,Holden,2,Knob Noster,0
2017-09-28,Willard,2,La Monte,0
2017-09-28,Carrollton,1,Lafayette County,2
2017-09-28,Drexel,2,Lakeland,0
2017-09-28,Penney,0,Lathrop,2
2017-09-28,Lee's Summit North,0,Lee's Summit,2
2017-09-28,Clearwater,0,Lesterville,2
2017-09-28,New Heights Christian,1,Liberal,2
2017-09-28,Liberty,2,Liberty North,0
2017-09-28,Smithton,0,Lincoln,2
2017-09-28,McAuley Catholic,0,Lockwood,2
2017-09-28,Parkway South,0,Marquette,2
2017-09-28,Buffalo,0,Marshfield,0
2017-09-28,Benton,1,Maryville,2
2017-09-28,Hazelwood Central,2,McCluer,0
2017-09-28,Confluence Prep Academy Charter,0,McCluer South-Berkeley,2
2017-09-28,Waynesville,2,McKinley Classical Leadership,0
2017-09-28,West Plains,0,Metro,2
2017-09-28,California,2,Mexico,0
2017-09-28,Lutheran St. Charles,2,MICDS,1
2017-09-28,Lawson,2,Mid-Buchanan,1
2017-09-28,Rich Hill,0,Midway,2
2017-09-28,Aurora,2,Monett,0
2017-09-28,Winona,2,Mountain Grove,0
2017-09-28,Lamar,2,Mt. Vernon,0
2017-09-28,Clinton,0,Nevada,2
2017-09-28,Farmington,2,North County,0
2017-09-28,William Chrisman,2,North Kansas City,0
2017-09-28,East Buchanan,2,North Platte,0
2017-09-28,Lincoln College Prep,2,Northeast (Kansas City),0
2017-09-28,Miami (Amoret),0,Northeast Vernon County,2
2017-09-28,Lindbergh,0,Northwest (Cedar Hill),2
2017-09-28,Windsor,2,Northwest (Hughesville),0
2017-09-28,Tipton,1,Northwest (Hughesville),1
2017-09-28,Pleasant Hill,2,Oak Grove,1
2017-09-28,Hallsville,0,Osage,2
2017-09-28,Tipton,1,Otterville,1
2017-09-28,Windsor,2,Otterville,0
2017-09-28,Raymore-Peculiar,0,Park Hill,2
2017-09-28,Parkway Central,2,Parkway West,0
2017-09-28,Jefferson (Festus),0,Perryville,2
2017-09-28,Jasper,2,Pierce City,0
2017-09-28,Willow Springs,2,Plato,0
2017-09-28,Kearney,2,Platte County,1
2017-09-28,West Platte,2,Plattsburg,0
2017-09-28,Stockton,2,Pleasant Hope,0
2017-09-28,St. Clair,2,Puxico,0
2017-09-28,Ruskin,0,Raytown South,2
2017-09-28,Springfield Catholic,0,Reeds Spring,2
2017-09-28,Neosho,0,Republic,2
2017-09-28,Oran,2,Richland (Essex),0
2017-09-28,Lexington,2,Richmond,0
2017-09-28,Hazelwood West,2,Riverview Gardens,0
2017-09-28,Lebanon,2,Rolla,0
2017-09-28,Transportation and Law,1,Roosevelt,2
2017-09-28,Missouri School for the Deaf,0,Sarcoxie,2
2017-09-28,Chillicothe,0,Savannah,2
2017-09-28,Notre Dame (Cape Girardeau),1,Saxony Lutheran,2
2017-09-28,Houston,0,Skyline,2
2017-09-28,Miller Career Academy,2,Soldan International Studies,1
2017-09-28,Forsyth,2,Southwest (Washburn),0
2017-09-28,Owensville,1,St. Clair,2
2017-09-28,Duchesne,0,St. Dominic,2
2017-09-28,Webb City,2,St. James,0
2017-09-28,Center,0,St. Michael the Archangel,2
2017-09-28,Orrick,0,St. Paul Lutheran (Concordia),2
2017-09-28,Festus,0,St. Pius X (Festus),2
2017-09-28,Fredericktown,1,Ste. Genevieve,2
2017-09-28,Sacred Heart,2,Willard,0
2017-09-28,Fair Grove,1,Winona,2
2017-09-28,Eminence,1,Wright City,2
2017-09-28,Verona,0,Thomas Jefferson Independent Day,2
2017-09-28,St. Charles West,0,Timberland,2
2017-09-28,Raytown,0,St. Charles,2
2017-09-28,Pacific,2,Union,0
2017-09-28,Valley,0,Valle Catholic,2
2017-09-28,St. Pius X (Kansas City),2,Warrensburg,0
2017-09-28,Ft. Zumwalt East,0,Washington,2
2017-09-28,Nixa,2,Webb City,0
2017-09-28,Glendale,0,West Plains,2
2017-09-28,Visitation Academy,0,Whitfield,2
2017-09-28,Ozark,2,Willard,0
2017-09-28,Lutheran South,2,Windsor (Imperial),0
2017-09-28,Montgomery County,0,Winfield,2
2017-09-28,Seneca,0,Woodland,2
2017-09-28,Advance,2,Zalma,0
2017-09-29,Maplewood-Richmond Hts.,2,Bayless,0
2017-09-29,Notre Dame (St. Louis),2,Bishop DuBourg,0
2017-09-29,Hancock,0,Brentwood,2
2017-09-29,Northeast Vernon County,2,Bronaugh,0
2017-09-29,North Pemiscot,2,Campbell,1
2017-09-29,Gateway Science Charter,0,Cardinal Ritter,2
2017-09-29,McCluer North,2,Clayton,1
2017-09-29,Metro,2,Clayton,0
2017-09-29,South Iron,1,Ellington,2
2017-09-29,Spokane,2,Galena,0
2017-09-29,Puxico,2,Greenville,0
2017-09-29,Sheldon,0,Hume,2
2017-09-29,Billings,0,Lamar,2
2017-09-29,Oak Ridge,2,Marquand-Zion,0
2017-09-29,Metro,0,McCluer North,2
2017-09-29,Confluence Prep Academy Charter,0,North Technical,2
2017-09-29,Lafayette (Wildwood),2,Oakville,0
2017-09-29,Meadow Heights,1,Oran,2
2017-09-29,St. Teresa's Academy,2,Ozark,0
2017-09-29,Dixon,0,Plato,2
2017-09-29,Zalma,2,Richland (Essex),0
2017-09-29,Webster Groves,2,Ritenour,0
2017-09-29,Ozark,0,St. Joseph's Academy,2
2017-09-29,Clarkton,0,St. Clair,2
2017-09-29,Exeter,0,Wheaton,2
2017-09-30,Clearwater,0,Advance,2
2017-09-30,Jackson,1,Advance,1
2017-09-30,Arcadia Valley,0,Advance,2
2017-09-30,Perryville,0,Advance,2
2017-09-30,Saxony Lutheran,0,Advance,2
2017-09-30,North County,0,Advance,2
2017-09-30,St. Vincent,2,Arcadia Valley,0
2017-09-30,Seneca,0,Arcadia Valley,2
2017-09-30,Plato,0,Ash Grove,2
2017-09-30,Golden City,0,Ash Grove,2
2017-09-30,Pleasant Hope,0,Ash Grove,2
2017-09-30,Niangua,0,Ash Grove,2
2017-09-30,Crane,0,Ash Grove,2
2017-09-30,Union,0,Ash Grove,2
2017-09-30,Hillcrest,0,Aurora,2
2017-09-30,West Plains,0,Aurora,2
2017-09-30,Clever,1,Aurora,1
2017-09-30,Mt. Vernon,1,Aurora,2
2017-09-30,Bourbon,1,Belle,1
2017-09-30,Sarcoxie,0,Belle,2
2017-09-30,Eugene,2,Belle,0
2017-09-30,Pembroke Hill,1,Benton,1
2017-09-30,Bishop LeBlond,1,Benton,1
2017-09-30,Central (Park Hills),1,Bernie,1
2017-09-30,Central (Cape Girardeau),0,Bernie,2
2017-09-30,Bloomfield,2,Bernie,0
2017-09-30,Bismarck,0,Bernie,2
2017-09-30,Webb City,1,Billings,0
2017-09-30,Pembroke Hill,1,Bishop LeBlond,1
2017-09-30,Saxony Lutheran,2,Bismarck,0
2017-09-30,Perryville,1,Bismarck,1
2017-09-30,Eldon,0,Blair Oaks,2
2017-09-30,Central (Park Hills),1,Bloomfield,1
2017-09-30,Central (Cape Girardeau),0,Bloomfield,2
2017-09-30,Arcadia Valley,2,Bloomfield,0
2017-09-30,Owensville,1,Boonville,1
2017-09-30,Blair Oaks,2,Boonville,0
2017-09-30,Sarcoxie,1,Bourbon,1
2017-09-30,Eugene,2,Bourbon,0
2017-09-30,Linn,2,Bourbon,0
2017-09-30,Dixon,2,Bourbon,0
2017-09-30,Pierce City,0,Branson,2
2017-09-30,Richmond,2,Brookfield,0
2017-09-30,West County,2,Bunker,0
2017-09-30,Valley,2,Bunker,0
2017-09-30,Rolla,2,Cabool,0
2017-09-30,Eminence,2,Cabool,0
2017-09-30,Fair Grove,2,Cabool,0
2017-09-30,Mountain Grove,0,Cabool,2
2017-09-30,Hermann,2,Camdenton,0
2017-09-30,Lebanon,1,Camdenton,1
2017-09-30,Hickman,1,Camdenton,1
2017-09-30,Jefferson City,2,Camdenton,0
2017-09-30,Pembroke Hill,2,Cameron,0
2017-09-30,McKinley Classical Leadership,0,Cardinal Ritter,2
2017-09-30,Brookfield,0,Carrollton,2
2017-09-30,Richmond,1,Carrollton,1
2017-09-30,Trenton,1,Carrollton,1
2017-09-30,Seneca,1,Carthage,1
2017-09-30,East Newton,0,Carthage,2
2017-09-30,Webb City,2,Carthage,0
2017-09-30,Central (Park Hills),2,Central (Cape Girardeau),0
2017-09-30,Perryville,1,Central (Cape Girardeau),2
2017-09-30,Leopold,2,Central (Cape Girardeau),0
2017-09-30,St. Vincent,2,Central (Park Hills),0
2017-09-30,Bishop LeBlond,1,Central (St. Joseph),1
2017-09-30,Benton,0,Central (St. Joseph),2
2017-09-30,Pembroke Hill,1,Central (St. Joseph),1
2017-09-30,Maryville,0,Central (St. Joseph),2
2017-09-30,Bourbon,0,Centralia,2
2017-09-30,Belle,0,Centralia,2
2017-09-30,Eugene,1,Centralia,1
2017-09-30,Dixon,0,Centralia,2
2017-09-30,Willard,0,Cole Camp,2
2017-09-30,Northwest (Hughesville),0,Cole Camp,2
2017-09-30,Green Ridge,2,Cole Camp,1
2017-09-30,Windsor,1,Cole Camp,2
2017-09-30,Wellington-Napoleon,1,Concordia,1
2017-09-30,Lone Jack,2,Concordia,0
2017-09-30,St. Paul Lutheran (Concordia),2,Concordia,1
2017-09-30,Crane,2,Conway,0
2017-09-30,Marionville,1,Conway,1
2017-09-30,Union,2,Conway,0
2017-09-30,Niangua,0,Conway,2
2017-09-30,Union,0,Crane,2
2017-09-30,Marionville,0,Crane,2
2017-09-30,Plato,0,Crane,2
2017-09-30,Santa Fe,2,Crest Ridge,0
2017-09-30,St. Paul Lutheran (Concordia),2,Crest Ridge,0
2017-09-30,Orrick,2,Crest Ridge,0
2017-09-30,Lone Jack,2,Crest Ridge,0
2017-09-30,West County,2,Crystal City,0
2017-09-30,Kingston,2,Crystal City,0
2017-09-30,Bunker,0,Crystal City,2
2017-09-30,Clearwater,0,DeSoto,2
2017-09-30,Bernie,2,DeSoto,1
2017-09-30,Valle Catholic,2,DeSoto,0
2017-09-30,MICDS,2,DeSoto,0
2017-09-30,Leopold,0,DeSoto,2
2017-09-30,Sarcoxie,1,Dixon,1
2017-09-30,Linn,2,Dixon,0
2017-09-30,St. Vincent,2,Doniphan,0
2017-09-30,Seneca,1,Doniphan,1
2017-09-30,Arcadia Valley,2,Doniphan,0
2017-09-30,Clearwater,2,Doniphan,0
2017-09-30,University Academy Charter,1,Drexel,1
2017-09-30,Lakeland,0,Drexel,2
2017-09-30,Sherwood,2,Drexel,0
2017-09-30,Seneca,2,East Newton,0
2017-09-30,Calvary Lutheran,1,Eldon,1
2017-09-30,Mountain Grove,0,Eminence,2
2017-09-30,Fair Grove,2,Eminence,0
2017-09-30,Linn,0,Eugene,2
2017-09-30,Willow Springs,0,Fair Grove,2
2017-09-30,Liberty (Mountain View),0,Fair Grove,2
2017-09-30,Mountain Grove,0,Fair Grove,2
2017-09-30,Winona,2,Fatima,0
2017-09-30,Jackson,2,Fredericktown,0
2017-09-30,Bismarck,1,Fredericktown,1
2017-09-30,Perryville,0,Fredericktown,2
2017-09-30,Saxony Lutheran,2,Fredericktown,0
2017-09-30,Webb City,2,Ft. Zumwalt South,0
2017-09-30,Rockwood Summit,2,Ft. Zumwalt South,0
2017-09-30,Logan-Rogersville,2,Ft. Zumwalt South,0
2017-09-30,Parkway Central,2,Ft. Zumwalt South,0
2017-09-30,Lee's Summit,2,Ft. Zumwalt South,0
2017-09-30,Eldon,2,Fulton,0
2017-09-30,Calvary Lutheran,2,Fulton,0
2017-09-30,Metro,1,Fulton,1
2017-09-30,Blair Oaks,2,Fulton,0
2017-09-30,Fatima,0,Glendale,2
2017-09-30,Winona,1,Glendale,1
2017-09-30,Lebanon,2,Glendale,1
2017-09-30,Jefferson City,2,Glendale,0
2017-09-30,Plato,2,Golden City,0
2017-09-30,Pleasant Hope,2,Golden City,0
2017-09-30,Niangua,0,Golden City,2
2017-09-30,Sacred Heart,1,Green Ridge,2
2017-09-30,Crane,2,Greenfield,0
2017-09-30,Conway,2,Greenfield,0
2017-09-30,Marionville,2,Greenfield,0
2017-09-30,Union,1,Greenfield,1
2017-09-30,Marshall,0,Hannibal,2
2017-09-30,Crossroads College Preparatory,2,Hazelwood East,0
2017-09-30,Ritenour,2,Hazelwood East,0
2017-09-30,McKinley Classical Leadership,0,Hazelwood East,2
2017-09-30,West County,1,Herculaneum,2
2017-09-30,Valley,0,Herculaneum,2
2017-09-30,Lebanon,0,Hermann,2
2017-09-30,Hickman,0,Hermann,2
2017-09-30,Fatima,1,Hermann,2
2017-09-30,Winona,0,Hermann,2
2017-09-30,Lebanon,1,Hickman,1
2017-09-30,Winona,2,Hickman,1
2017-09-30,Clever,2,Hillcrest,0
2017-09-30,West Plains,2,Hillcrest,0
2017-09-30,Pierce City,1,Hollister,1
2017-09-30,Branson,2,Hollister,0
2017-09-30,Mt. Vernon,2,Hollister,0
2017-09-30,Clearwater,0,Jackson,2
2017-09-30,Valle Catholic,2,Jackson,0
2017-09-30,North County,0,Jackson,2
2017-09-30,Fatima,1,Jefferson City,1
2017-09-30,Winona,0,Jefferson City,2
2017-09-30,Lebanon,2,Jefferson City,1
2017-09-30,McCluer,1,Jennings,1
2017-09-30,Crossroads College Preparatory,2,Jennings,0
2017-09-30,McKinley Classical Leadership,1,Jennings,2
2017-09-30,Cardinal Ritter,0,Jennings,2
2017-09-30,Lockwood,0,Joplin,2
2017-09-30,Neosho,0,Joplin,2
2017-09-30,Lamar,0,Joplin,2
2017-09-30,Webb City,0,Joplin,2
2017-09-30,Herculaneum,2,Kingston,0
2017-09-30,Valley,0,Kingston,2
2017-09-30,Battle,1,Kirksville,2
2017-09-30,Hannibal,0,Kirkwood,2
2017-09-30,St. Charles West,0,Kirkwood,2
2017-09-30,Liberty (Wentzville),1,Kirkwood,1
2017-09-30,St. Charles,0,Kirkwood,2
2017-09-30,Oakville,0,Kirkwood,2
2017-09-30,Drexel,1,Knob Noster,1
2017-09-30,University Academy Charter,0,Knob Noster,2
2017-09-30,Sherwood,0,Knob Noster,2
2017-09-30,Sacred Heart,2,La Monte,0
2017-09-30,Otterville,1,La Monte,2
2017-09-30,University Academy Charter,1,Lakeland,2
2017-09-30,Sherwood,2,Lakeland,0
2017-09-30,Webb City,1,Lamar,1
2017-09-30,Billings,0,Lamar,2
2017-09-30,Valle Catholic,2,Leopold,0
2017-09-30,MICDS,1,Leopold,1
2017-09-30,Perryville,2,Lesterville,0
2017-09-30,MICDS,0,Lesterville,2
2017-09-30,Saxony Lutheran,2,Lesterville,1
2017-09-30,Licking,0,Liberty (Mountain View),2
2017-09-30,Willow Springs,0,Liberty (Mountain View),2
2017-09-30,Willow Springs,1,Licking,1
2017-09-30,Sacred Heart,2,Lincoln,0
2017-09-30,Northwest (Hughesville),2,Lincoln,0
2017-09-30,Sarcoxie,0,Linn,2
2017-09-30,Neosho,0,Lockwood,2
2017-09-30,Lutheran South,2,Logan-Rogersville,0
2017-09-30,Troy Buchanan,0,Logan-Rogersville,2
2017-09-30,Timberland,1,Logan-Rogersville,2
2017-09-30,Parkway Central,0,Logan-Rogersville,2
2017-09-30,Santa Fe,2,Lone Jack,0
2017-09-30,St. Paul Lutheran (Concordia),0,Lone Jack,2
2017-09-30,Wellington-Napoleon,1,Lone Jack,1
2017-09-30,Notre Dame de Sion,0,Lutheran South,2
2017-09-30,Pleasant Hope,1,Marionville,2
2017-09-30,Union,2,Marionville,0
2017-09-30,Benton,0,Maryville,2
2017-09-30,Cameron,0,Maryville,2
2017-09-30,Pembroke Hill,0,Maryville,2
2017-09-30,Central (Park Hills),2,Maryville,0
2017-09-30,Crossroads College Preparatory,2,McCluer,0
2017-09-30,University City,1,McCluer,1
2017-09-30,Cardinal Ritter,2,McCluer,1
2017-09-30,Valle Catholic,2,MICDS,0
2017-09-30,Pierce City,0,Mt. Vernon,2
2017-09-30,Branson,2,Mt. Vernon,0
2017-09-30,Plato,1,Niangua,1
2017-09-30,Pleasant Hope,0,Niangua,2
2017-09-30,Clearwater,1,North County,1
2017-09-30,Seneca,1,North County,2
2017-09-30,Leopold,2,North County,1
2017-09-30,Otterville,0,Northwest (Hughesville),2
2017-09-30,Pacific,3,Orchard Farm,0
2017-09-30,Warrenton,2,Orchard Farm,0
2017-09-30,Santa Fe,2,Orrick,0
2017-09-30,St. Paul Lutheran (Concordia),1,Orrick,1
2017-09-30,Wellington-Napoleon,2,Orrick,0
2017-09-30,Blair Oaks,2,Owensville,0
2017-09-30,Calvary Lutheran,0,Owensville,2
2017-09-30,Wright City,2,Pacific,1
2017-09-30,Lutheran South,2,Parkway Central,0
2017-09-30,Notre Dame de Sion,2,Parkway Central,0
2017-09-30,Timberland,2,Parkway Central,1
2017-09-30,Ursuline Academy,2,Parkway West,0
2017-09-30,St. Vincent,1,Perryville,2
2017-09-30,Valle Catholic,0,Perryville,2
2017-09-30,Pleasant Hope,0,Plato,2
2017-09-30,Union,0,Plato,2
2017-09-30,Crossroads College Preparatory,1,Ritenour,2
2017-09-30,Cardinal Ritter,0,Ritenour,2
2017-09-30,McKinley Classical Leadership,0,Ritenour,2
2017-09-30,University City,0,Ritenour,2
2017-09-30,Lutheran South,2,Rockwood Summit,0
2017-09-30,Troy Buchanan,1,Rockwood Summit,1
2017-09-30,Webb City,0,Rockwood Summit,2
2017-09-30,Willow Springs,0,Rolla,2
2017-09-30,Mountain Grove,0,Rolla,2
2017-09-30,Eminence,1,Rolla,1
2017-09-30,Fair Grove,1,Rolla,1
2017-09-30,Liberty (Mountain View),2,Rolla,1
2017-09-30,Licking,2,Salem,0
2017-09-30,Liberty (Mountain View),2,Salem,0
2017-09-30,Willow Springs,2,Salem,0
2017-09-30,Warsaw,2,Salem,0
2017-09-30,St. Paul Lutheran (Concordia),0,Santa Fe,2
2017-09-30,Wellington-Napoleon,1,Santa Fe,2
2017-09-30,St. Vincent,2,Seneca,0
2017-09-30,University Academy Charter,0,Sherwood,2
2017-09-30,Willard,0,Smithton,2
2017-09-30,Tipton,0,Smithton,2
2017-09-30,Owensville,1,Southern Boone,1
2017-09-30,Eldon,2,Southern Boone,0
2017-09-30,Blair Oaks,2,Southern Boone,0
2017-09-30,Boonville,2,Southern Boone,0
2017-09-30,Union,0,St. Clair,2
2017-09-30,Warrenton,0,St. Clair,2
2017-09-30,Wright City,1,St. Clair,1
2017-09-30,Pacific,3,St. James,0
2017-09-30,Orchard Farm,1,St. James,2
2017-09-30,Wright City,2,St. James,0
2017-09-30,St. Teresa's Academy,0,St. Joseph's Academy,2
2017-09-30,Licking,2,Warsaw,0
2017-09-30,Liberty (Mountain View),2,Warsaw,0
2017-09-30,Willow Springs,2,Warsaw,0
2017-09-30,Timberland,2,Webb City,0
2017-09-30,Notre Dame de Sion,2,Webb City,0
2017-09-30,Warrenton,2,Wright City,0
2017-09-30,Notre Dame de Sion,0,Timberland,2
2017-09-30,Troy Buchanan,0,Timberland,2
2017-09-30,Windsor,2,Tipton,0
2017-09-30,Brookfield,0,Trenton,2
2017-09-30,Richmond,2,Trenton,0
2017-09-30,Lutheran South,2,Troy Buchanan,0
2017-09-30,Notre Dame de Sion,1,Troy Buchanan,2
2017-09-30,Wright City,2,Union,0
2017-09-30,Warrenton,2,Union,0
2017-09-30,Jennings,1,University City,1
2017-09-30,Crossroads College Preparatory,1,University City,1
2017-09-30,St. Paul Lutheran (Concordia),2,Wellington-Napoleon,1
2017-09-30,Branson,0,West Plains,2
2017-09-30,Clever,0,West Plains,2
2017-09-30,Sacred Heart,2,Windsor,0
2017-10-02,Woodland,0,Advance,2
2017-10-02,Dexter,2,Advance,0
2017-10-02,Bloomfield,0,Advance,2
2017-10-02,Herculaneum,2,Affton,0
2017-10-02,Stockton,0,Ash Grove,2
2017-10-02,Ladue Horton Watkins,2,Battle,0
2017-10-02,St. James,2,Belle,0
2017-10-02,Blue Eye,1,Billings,2
2017-10-02,Woodland,0,Bloomfield,2
2017-10-02,Blue Springs South,2,Blue Springs,1
2017-10-02,Osage,1,Bolivar,2
2017-10-02,Viburnum,2,Bourbon,0
2017-10-02,Lincoln,2,Bunceton,0
2017-10-02,Fordland,1,Cabool,2
2017-10-02,Bowling Green,0,Centralia,2
2017-10-02,Niangua,2,Chadwick,0
2017-10-02,Penney,0,Chillicothe,2
2017-10-02,Delta (Deering),0,Clarkton,2
2017-10-02,Lift for Life Academy Charter,2,Cleveland NJROTC,0
2017-10-02,Aurora,2,Clever,0
2017-10-02,St. Paul Lutheran (Concordia),0,Cole Camp,2
2017-10-02,Windsor,2,Concordia,1
2017-10-02,Winona,2,Conway,0
2017-10-02,Holcomb,0,Cooter,2
2017-10-02,Central (Kansas City),0,Cristo Rey,2
2017-10-02,Principia,0,Crossroads College Preparatory,2
2017-10-02,St. Pius X (Festus),2,DeSoto,0
2017-10-02,Woodland,1,Dexter,1
2017-10-02,Bloomfield,0,Dexter,2
2017-10-02,Springfield Catholic,1,Duchesne,2
2017-10-02,Lincoln College Prep,2,East (Kansas City),0
2017-10-02,Hollister,2,East Newton,0
2017-10-02,Sarcoxie,0,Eugene,2
2017-10-02,Central (Cape Girardeau),0,Farmington,2
2017-10-02,Grandview (Hillsboro),0,Festus,2
2017-10-02,Eureka,2,Fox,0
2017-10-02,Kirkwood,0,Francis Howell,2
2017-10-02,Verona,2,Greenfield,1
2017-10-02,Bunker,0,Greenville,2
2017-10-02,Montgomery County,1,Hallsville,2
2017-10-02,Pacific,2,Hazelwood West,0
2017-10-02,Hermann,0,Helias Catholic,2
2017-10-02,Jefferson (Festus),0,Hillsboro,2
2017-10-02,Southeast,2,Hogan Prep Academy Charter,0
2017-10-02,Fredericktown,0,Jackson,2
2017-10-02,St. Charles,0,Kearney,2
2017-10-02,Calhoun,0,Kingsville,2
2017-10-02,Brookfield,0,Kirksville,2
2017-10-02,Savannah,0,Lafayette (St. Joseph),2
2017-10-02,Parkway South,0,Lafayette (Wildwood),2
2017-10-02,Wellington-Napoleon,0,Lathrop,2
2017-10-02,Oak Ridge,0,Leopold,2
2017-10-02,Trenton,0,Lexington,2
2017-10-02,Golden City,0,Liberal,2
2017-10-02,Lee's Summit North,0,Liberty,2
2017-10-02,Licking,0,Liberty (Mountain View),2
2017-10-02,St. Charles,2,Liberty (Wentzville),0
2017-10-02,Missouri School for the Deaf,0,Linn,2
2017-10-02,McCluer South-Berkeley,0,Maplewood-Richmond Hts.,2
2017-10-02,Forsyth,0,Marionville,2
2017-10-02,Warrenton,2,Mexico,0
2017-10-02,Incarnate Word Academy,0,Nerinx Hall,2
2017-10-02,Mid-Buchanan,2,Nodaway-Holt,0
2017-10-02,Cardinal Ritter,2,Normandy Collaborative,1
2017-10-02,Chamois,1,North Callaway,2
2017-10-02,Lesterville,2,North County,0
2017-10-02,Southland,0,North Pemiscot,2
2017-10-02,Jennings,2,North Technical,0
2017-10-02,St. Joseph Christian,0,Northland Christian,2
2017-10-02,Saxony Lutheran,2,Oran,0
2017-10-02,Santa Fe,2,Orrick,0
2017-10-02,Blair Oaks,2,Owensville,0
2017-10-02,Hazelwood East,0,Parkway North,2
2017-10-02,Central (Park Hills),1,Perryville,2
2017-10-02,Salem,0,Plato,2
2017-10-02,Maryville,2,Plattsburg,0
2017-10-02,Central (Springfield),0,Republic,2
2017-10-02,Cameron,2,Richmond,1
2017-10-02,Bishop DuBourg,2,Roosevelt,0
2017-10-02,Windsor (Imperial),2,Seckman,0
2017-10-02,Butler,3,Sherwood,0
2017-10-02,Kennett,1,Sikeston,2
2017-10-02,Lakeland,0,Skyline,2
2017-10-02,Chilhowee,0,Smithton,2
2017-10-02,Southland,1,Southland,0
2017-10-02,Notre Dame (St. Louis),0,St. Joseph's Academy,2
2017-10-02,Marquand-Zion,0,St. Paul Lutheran (Farmington),2
2017-10-02,Valle Catholic,2,Ste. Genevieve,0
2017-10-02,Cuba,2,Warsaw,1
2017-10-02,Lutheran (Kansas City),0,Summit Christian Academy,2
2017-10-02,Doniphan,2,Thayer,0
2017-10-02,Otterville,2,Tipton,1
2017-10-02,Gateway,0,University City,2
2017-10-02,South Iron,2,Valley,1
2017-10-02,Warsaw,2,Versailles,1
2017-10-02,St. Joseph's Academy,2,Villa Duchesne,1
2017-10-02,Crystal City,0,West County,2
2017-10-02,North Platte,0,West Platte,2
2017-10-02,Winfield,2,Wright City,0
2017-10-03,Rich Hill,0,Adrian,2
2017-10-03,Lakeland,1,Archie,2
2017-10-03,Lamar,0,Aurora,2
2017-10-03,Bernie,2,Bell City,0
2017-10-03,Richland (Essex),2,Bell City,0
2017-10-03,Puxico,2,Bell City,0
2017-10-03,Puxico,0,Bernie,2
2017-10-03,Richland (Essex),0,Bernie,2
2017-10-03,Veritas Christian Academy,2,Bishop DuBourg,0
2017-10-03,Arcadia Valley,2,Bismarck,0
2017-10-03,Lee's Summit West,2,Blue Springs,0
2017-10-03,Warsaw,2,Bourbon,0
2017-10-03,North Callaway,0,Bowling Green,2
2017-10-03,Republic,1,Branson,2
2017-10-03,Valley Park,0,Brentwood,2
2017-10-03,Mexico,2,Brookfield,0
2017-10-03,Bolivar,2,Buffalo,0
2017-10-03,Ava,0,Cabool,2
2017-10-03,Waynesville,0,Camdenton,2
2017-10-03,Willard,2,Carl Junction,0
2017-10-03,Knob Noster,2,Carrollton,0
2017-10-03,Mt. Vernon,2,Cassville,0
2017-10-03,Notre Dame (Cape Girardeau),2,Central (Cape Girardeau),0
2017-10-03,Seneca,2,Central (New Madrid County),0
2017-10-03,Everton,0,Chadwick,2
2017-10-03,John Burroughs,2,Clayton,0
2017-10-03,St. Clair,1,Clearwater,2
2017-10-03,North Pemiscot,2,Cooter,1
2017-10-03,Clever,2,Crane,1
2017-10-03,Bayless,0,Crossroads College Preparatory,2
2017-10-03,Dixon,0,Cuba,2
2017-10-03,Osceola,2,Drexel,1
2017-10-03,Plattsburg,0,East Buchanan,2
2017-10-03,Eldon,2,El Dorado Springs,0
2017-10-03,Ellington,0,Eminence,2
2017-10-03,McAuley Catholic,2,Exeter,0
2017-10-03,Ash Grove,0,Fair Grove,2
2017-10-03,California,0,Fatima,2
2017-10-03,Bradleyville,0,Forsyth,2
2017-10-03,Ft. Zumwalt West,0,Francis Howell,2
2017-10-03,Troy Buchanan,0,Francis Howell Central,2
2017-10-03,Timberland,2,Francis Howell North,0
2017-10-03,Farmington,2,Fredericktown,0
2017-10-03,Ft. Zumwalt North,0,Ft. Zumwalt East,2
2017-10-03,Washington,2,Ft. Zumwalt South,1
2017-10-03,Hallsville,0,Fulton,2
2017-10-03,Odessa,0,Grain Valley,2
2017-10-03,St. Paul Lutheran (Farmington),0,Grandview (Hillsboro),2
2017-10-03,Sarcoxie,2,Greenfield,0
2017-10-03,Senath-Hornersville,2,Hayti,0
2017-10-03,Riverview Gardens,0,Hazelwood Central,2
2017-10-03,McCluer North,0,Hazelwood West,2
2017-10-03,St. Clair,0,Hermann,2
2017-10-03,Rolla,2,Hillcrest,0
2017-10-03,Lexington,0,Holden,2
2017-10-03,Liberty (Wentzville),0,Holt,2
2017-10-03,Salem,0,Houston,2
2017-10-03,Northeast Vernon County,2,Hume,1
2017-10-03,Galena,2,Hurley,0
2017-10-03,St. Joseph's Academy,2,Jefferson City,0
2017-10-03,Joplin,0,Kickapoo,2
2017-10-03,Valle Catholic,2,Kingston,0
2017-10-03,Centralia,0,Kirksville,2
2017-10-03,Lincoln,2,La Monte,0
2017-10-03,Richmond,2,Lafayette County,0
2017-10-03,Lathrop,0,Lawson,2
2017-10-03,Glendale,0,Lebanon,2
2017-10-03,Blue Springs South,0,Lee's Summit,2
2017-10-03,Raymore-Peculiar,2,Lee's Summit North,0
2017-10-03,Park Hill,2,Liberty North,0
2017-10-03,Pembroke Hill,2,Lincoln College Prep,0
2017-10-03,Hillsboro,1,Lindbergh,2
2017-10-03,Missouri School for the Deaf,0,Linn,2
2017-10-03,Marshfield,0,Logan-Rogersville,2
2017-10-03,Crest Ridge,0,Lone Jack,2
2017-10-03,Lutheran North,0,Lutheran South,2
2017-10-03,Hancock,0,Maplewood-Richmond Hts.,2
2017-10-03,Boonville,2,Marshall,1
2017-10-03,Hazelwood East,2,McCluer,0
2017-10-03,Orchard Farm,2,McCluer South-Berkeley,0
2017-10-03,North Platte,0,Mid-Buchanan,2
2017-10-03,Jasper,2,Miller,1
2017-10-03,Wheaton,1,Monett,2
2017-10-03,Calvary Lutheran,2,Montgomery County,1
2017-10-03,Diamond,0,Neosho,2
2017-10-03,Visitation Academy,0,Nerinx Hall,2
2017-10-03,Warrensburg,2,Nevada,0
2017-10-03,Carthage,0,Nixa,2
2017-10-03,Potosi,2,North County,0
2017-10-03,Normandy Collaborative,0,North Technical,2
2017-10-03,Green Ridge,2,Northwest (Hughesville),0
2017-10-03,Excelsior Springs,1,Oak Grove,2
2017-10-03,Kearney,0,Oak Park,2
2017-10-03,Lafayette (Wildwood),2,Oakville,0
2017-10-03,Charleston,0,Oran,2
2017-10-03,Lutheran (Kansas City),2,Orrick,1
2017-10-03,Pacific,2,Owensville,0
2017-10-03,Webb City,0,Ozark,2
2017-10-03,West Plains,2,Parkview,0
2017-10-03,St. Charles West,0,Pattonville,2
2017-10-03,West Platte,2,Penney,0
2017-10-03,Liberal,2,Pierce City,0
2017-10-03,Grandview,0,Platte County,2
2017-10-03,Harrisonville,0,Pleasant Hill,2
2017-10-03,Marionville,2,Pleasant Hope,0
2017-10-03,Summersville,2,Portageville,1
2017-10-03,New Heights Christian,2,Purdy,0
2017-10-03,Richland (Essex),1,Puxico,1
2017-10-03,Park Hill South,2,Raytown,0
2017-10-03,Affton,0,Rockwood Summit,2
2017-10-03,Lift for Life Academy Charter,2,Roosevelt,0
2017-10-03,North Kansas City,2,Ruskin,0
2017-10-03,Windsor,0,Sacred Heart,2
2017-10-03,McDonald County,0,Seneca,2
2017-10-03,Doniphan,0,Sikeston,2
2017-10-03,Clinton,0,Savannah,2
2017-10-03,Tipton,0,Smithton,2
2017-10-03,St. Joseph Christian,2,South Harrison,0
2017-10-03,Rock Port,2,St. James,0
2017-10-03,Fordland,2,Spokane,0
2017-10-03,Hollister,0,Springfield Catholic,2
2017-10-03,Ft. Zumwalt East,1,St. Charles,2
2017-10-03,St. Dominic,1,St. Joseph's Academy,2
2017-10-03,Wellington-Napoleon,2,St. Paul Lutheran (Concordia),0
2017-10-03,Crystal City,0,St. Pius X (Festus),2
2017-10-03,Festus,0,St. Vincent,2
2017-10-03,William Chrisman,0,Staley,2
2017-10-03,Central (Park Hills),0,Ste. Genevieve,2
2017-10-03,Cole Camp,2,Willard,0
2017-10-03,New Haven,2,Webb City,0
2017-10-03,Plato,0,Wright City,2
2017-10-03,Mountain Grove,2,Thayer,0
2017-10-03,Bronaugh,0,Thomas Jefferson Independent Day,2
2017-10-03,Bishop LeBlond,2,Trenton,0
2017-10-03,Lutheran St. Charles,2,Trinity Catholic,0
2017-10-03,Central (St. Joseph),2,St. Charles,1
2017-10-03,St. James,1,Union,2
2017-10-03,Sherwood,3,University Academy Charter,0
2017-10-03,Whitfield,0,Ursuline Academy,2
2017-10-03,Fort Osage,2,Versailles,0
2017-10-03,Lesterville,2,Viburnum,1
2017-10-03,Southern Boone,1,Warsaw,2
2017-10-03,Valley,0,West County,2
2017-10-03,MICDS,0,Westminster Christian Academy,2
2017-10-03,Liberty (Mountain View),2,Willow Springs,0
2017-10-03,Fox,0,Windsor (Imperial),2
2017-10-03,Raytown South,0,Winnetonka,2
2017-10-03,Poplar Bluff,2,Winona,0
2017-10-04,Mehlville,2,Affton,0
2017-10-04,Crossroads College Preparatory,2,Bayless,0
2017-10-04,Cameron,0,Bishop LeBlond,2
2017-10-04,Frontier School of Excellence Charter,2,Central (Kansas City),0
2017-10-04,Cardinal Ritter,1,Collegiate School of Med-Bio Science,2
2017-10-04,Frontier School of Excellence Charter,0,East (Kansas City),2
2017-10-04,Francis Howell North,0,Eureka,2
2017-10-04,Ft. Zumwalt North,0,Ft. Zumwalt East,2
2017-10-04,Seneca,0,Jackson,2
2017-10-04,Veritas Christian Academy,2,John Burroughs,0
2017-10-04,Ritenour,0,Kirkwood,2
2017-10-04,Marquette,2,Lindbergh,0
2017-10-04,Summersville,0,Malden,2
2017-10-04,McCluer North,2,McCluer South-Berkeley,0
2017-10-04,Hume,2,Miami (Amoret),0
2017-10-04,Confluence Prep Academy Charter,0,North Technical,2
2017-10-04,Nerinx Hall,2,Northwest (Cedar Hill),0
2017-10-04,Duchesne,2,Notre Dame (St. Louis),1
2017-10-04,Northland Christian,1,Park Hill South,2
2017-10-04,Parkway West,2,Parkway South,1
2017-10-04,Lee's Summit West,0,Raymore-Peculiar,2
2017-10-04,Belton,2,Raytown,1
2017-10-04,Battle,0,Rock Bridge,2
2017-10-04,Gateway Science Charter,2,Roosevelt,0
2017-10-04,Metro,0,Springfield Catholic,2
2017-10-04,Campbell,2,Senath-Hornersville,0
2017-10-04,Benton,0,St. Teresa's Academy,2
2017-10-04,McKinley Classical Leadership,0,University City,2
2017-10-04,Crossroads College Preparatory,2,Valley Park,0
2017-10-04,Grandview,2,Versailles,0
2017-10-04,St. Pius X (Festus),2,Villa Duchesne,1
2017-10-04,Parkway North,0,Webster Groves,2
2017-10-04,Visitation Academy,1,Westminster Christian Academy,2
2017-10-05,Bloomfield,2,Advance,0
2017-10-05,Puxico,0,Advance,2
2017-10-05,Liberty (Mountain View),2,Ava,0
2017-10-05,Notre Dame de Sion,2,Barstow,0
2017-10-05,Lafayette (St. Joseph),0,Benton,2
2017-10-05,Woodland,1,Bernie,2
2017-10-05,Clearwater,1,Bismarck,2
2017-10-05,Richland (Essex),0,Bloomfield,2
2017-10-05,Lee's Summit,0,Blue Springs,2
2017-10-05,Belton,0,Blue Springs South,2
2017-10-05,Kirksville,1,Boonville,2
2017-10-05,Viburnum,2,Bunker,0
2017-10-05,Salem,0,Cabool,2
2017-10-05,Ballard,2,Calhoun,1
2017-10-05,Osage,0,California,2
2017-10-05,Lebanon,2,Camdenton,1
2017-10-05,Trinity Catholic,2,Cardinal Ritter,0
2017-10-05,Republic,0,Carthage,2
2017-10-05,Clinton,1,Center,0
2017-10-05,East (Kansas City),2,Central (Kansas City),1
2017-10-05,Niangua,1,Conway,2
2017-10-05,Union,0,Crane,2
2017-10-05,St. Paul Lutheran (Concordia),0,Crest Ridge,2
2017-10-05,Linn,0,Cuba,2
2017-10-05,Bell City,0,Dexter,2
2017-10-05,Bernie,0,Dexter,2
2017-10-05,Bourbon,2,Dixon,0
2017-10-05,Ellington,0,Doniphan,2
2017-10-05,Lathrop,1,East Buchanan,2
2017-10-05,Aurora,2,East Newton,0
2017-10-05,Poplar Bluff,2,Eminence,1
2017-10-05,Bradleyville,2,Everton,0
2017-10-05,Helias Catholic,2,Father Tolton,0
2017-10-05,Sarcoxie,0,Fatima,2
2017-10-05,Hurley,1,Forsyth,2
2017-10-05,Ruskin,0,Fort Osage,2
2017-10-05,St. Joseph's Academy,0,Francis Howell,2
2017-10-05,Ft. Zumwalt South,2,Francis Howell Central,0
2017-10-05,St. Dominic,2,Ft. Zumwalt West,0
2017-10-05,Hannibal,2,Fulton,0
2017-10-05,Blue Eye,2,Galena,0
2017-10-05,Lift for Life Academy Charter,0,Gateway,2
2017-10-05,Sarcoxie,2,Golden City,0
2017-10-05,Pleasant Hill,2,Grain Valley,1
2017-10-05,Pembroke Hill,2,Grandview,0
2017-10-05,Excelsior Springs,2,Harrisonville,0
2017-10-05,Hazelwood West,2,Hazelwood Central,0
2017-10-05,Riverview Gardens,0,Hazelwood East,2
2017-10-05,Valley Park,0,Herculaneum,2
2017-10-05,Owensville,0,Hermann,2
2017-10-05,Jefferson City,2,Hickman,0
2017-10-05,Lincoln College Prep,2,Hogan Prep Academy Charter,0
2017-10-05,Lafayette County,0,Holden,2
2017-10-05,Logan-Rogersville,2,Hollister,0
2017-10-05,Washington,2,Holt,1
2017-10-05,Cor Jesu Academy,2,Incarnate Word Academy,1
2017-10-05,Diamond,0,Jasper,2
2017-10-05,DeSoto,0,Jefferson (Festus),2
2017-10-05,Ritenour,0,John Burroughs,2
2017-10-05,Parkview,0,Joplin,2
2017-10-05,St. Clair,1,Kennett,2
2017-10-05,Glendale,0,Kickapoo,2
2017-10-05,Green Ridge,2,La Monte,0
2017-10-05,Clayton,0,Ladue Horton Watkins,2
2017-10-05,Osceola,2,Lakeland,0
2017-10-05,Cassville,0,Lamar,2
2017-10-05,Knob Noster,0,Lexington,2
2017-10-05,Greenfield,0,Liberal,2
2017-10-05,Winfield,0,Liberty (Wentzville),2
2017-10-05,St. Charles,2,Liberty North,0
2017-10-05,Windsor,2,Lincoln,1
2017-10-05,Westminster Christian Academy,0,Lindbergh,2
2017-10-05,Pierce City,0,Lockwood,2
2017-10-05,Orrick,2,Lone Jack,0
2017-10-05,Crossroads College Preparatory,0,Lutheran North,2
2017-10-05,Bishop DuBourg,0,Lutheran St. Charles,2
2017-10-05,Campbell,0,Malden,2
2017-10-05,North Technical,0,Maplewood-Richmond Hts.,2
2017-10-05,Fair Grove,2,Marionville,0
2017-10-05,Meadow Heights,2,Marquand-Zion,0
2017-10-05,Oak Ridge,2,Marquand-Zion,0
2017-10-05,Zalma,2,Marquand-Zion,0
2017-10-05,Chillicothe,0,Maryville,2
2017-10-05,McCluer,0,McCluer North,2
2017-10-05,Monett,2,McDonald County,1
2017-10-05,Zalma,0,Meadow Heights,2
2017-10-05,Oak Ridge,2,Meadow Heights,0
2017-10-05,Oakville,0,Mehlville,2
2017-10-05,Marshall,0,Mexico,2
2017-10-05,Adrian,2,Midway,0
2017-10-05,Houston,0,Mountain Grove,2
2017-10-05,Seneca,0,Mt. Vernon,2
2017-10-05,Webb City,2,Neosho,0
2017-10-05,Ozark,2,Nixa,1
2017-10-05,Brookfield,0,North Callaway,2
2017-10-05,Windsor (Imperial),2,North County,1
2017-10-05,Staley,2,North Kansas City,0
2017-10-05,Plattsburg,2,North Platte,1
2017-10-05,Southeast,1,Northeast (Kansas City),2
2017-10-05,Bronaugh,2,Northeast Vernon County,0
2017-10-05,Summit Christian Academy,1,Northland Christian,2
2017-10-05,Festus,1,Notre Dame (Cape Girardeau),2
2017-10-05,Zalma,1,Oak Ridge,1
2017-10-05,Oak Grove,2,Odessa,1
2017-10-05,Webb City,2,Pacific,1
2017-10-05,Lee's Summit North,0,Park Hill,2
2017-10-05,Liberty,0,Park Hill South,2
2017-10-05,Rockwood Summit,2,Parkway Central,0
2017-10-05,Mid-Buchanan,2,Penney,0
2017-10-05,St. Vincent,1,Perryville,2
2017-10-05,Central (St. Joseph),1,Platte County,2
2017-10-05,Valle Catholic,2,Potosi,0
2017-10-05,Southwest (Washburn),0,Purdy,2
2017-10-05,Lee's Summit West,0,Raymore-Peculiar,2
2017-10-05,Bolivar,1,Reeds Spring,2
2017-10-05,Archie,1,Rich Hill,2
2017-10-05,Carrollton,2,Richmond,0
2017-10-05,Blair Oaks,2,Rock Bridge,1
2017-10-05,Waynesville,0,Rolla,2
2017-10-05,Willard,0,Sacred Heart,2
2017-10-05,Concordia,0,Santa Fe,2
2017-10-05,Central (Park Hills),2,Saxony Lutheran,0
2017-10-05,Northwest (Cedar Hill),2,Seckman,0
2017-10-05,Lutheran (Kansas City),2,Sherwood,0
2017-10-05,Central (New Madrid County),0,Sikeston,2
2017-10-05,Winona,2,Skyline,0
2017-10-05,Warrensburg,2,Savannah,1
2017-10-05,Cole Camp,2,Smithton,1
2017-10-05,Savannah,2,Sparta,1
2017-10-05,Hallsville,1,Southern Boone,2
2017-10-05,Billings,2,Spokane,0
2017-10-05,Marshfield,2,Springfield Catholic,0
2017-10-05,Union,0,St. Clair,2
2017-10-05,New Haven,2,St. James,0
2017-10-05,Kingston,2,St. Paul Lutheran (Farmington),1
2017-10-05,Nevada,0,St. Pius X (Kansas City),2
2017-10-05,Jackson,0,Ste. Genevieve,2
2017-10-05,Grandview (Hillsboro),2,Warsaw,0
2017-10-05,El Dorado Springs,2,Stockton,1
2017-10-05,Winona,0,Wright City,2
2017-10-05,Ft. Zumwalt North,0,Timberland,2
2017-10-05,Northwest (Hughesville),2,Tipton,0
2017-10-05,St. Charles West,0,Troy Buchanan,2
2017-10-05,Visitation Academy,0,Ursuline Academy,2
2017-10-05,Miller,2,Verona,0
2017-10-05,Buffalo,2,Warsaw,0
2017-10-05,Kingsville,0,Wellington-Napoleon,2
2017-10-05,Hillcrest,0,West Plains,2
2017-10-05,Lawson,0,West Platte,2
2017-10-05,Branson,0,Willard,2
2017-10-05,Thayer,0,Willow Springs,2
2017-10-05,Oak Park,2,Winnetonka,0
2017-10-05,Bowling Green,0,Wright City,2
2017-10-06,Bernie,0,Advance,2
2017-10-06,Sheldon,0,Ballard,2
2017-10-06,Brentwood,2,Bayless,0
2017-10-06,Guadalupe Centers Charter,0,Cristo Rey,2
2017-10-06,Bloomfield,0,Dexter,2
2017-10-06,Bunker,0,Ellington,2
2017-10-06,Linn,1,Eugene,2
2017-10-06,Valley Park,0,Hancock,2
2017-10-06,Leopold,0,Lesterville,2
2017-10-06,Duchesne,2,Liberty (Wentzville),0
2017-10-06,Crossroads College Preparatory,1,Maplewood-Richmond Hts.,2
2017-10-06,Wright City,2,McCluer North,0
2017-10-06,Principia,2,McCluer North,0
2017-10-06,Orchard Farm,2,McCluer North,0
2017-10-06,McCluer South-Berkeley,2,North Technical,0
2017-10-06,Wright City,0,Orchard Farm,2
2017-10-06,Principia,0,Orchard Farm,2
2017-10-06,La Monte,2,Otterville,1
2017-10-06,Hazelwood East,0,Parkway North,2
2017-10-06,Bismarck,0,South Iron,2
2017-10-06,Pattonville,0,Webster Groves,2
2017-10-06,Chadwick,0,Wheaton,2
2017-10-06,Parkway Central,2,Whitfield,1
2017-10-06,Principia,0,Wright City,2
2017-10-07,Notre Dame (St. Louis),2,Affton,1
2017-10-07,Mehlville,2,Affton,0
2017-10-07,Bishop DuBourg,0,Affton,2
2017-10-07,Fordland,2,Ava,0
2017-10-07,Miller,2,Ava,0
2017-10-07,Salem,1,Ava,1
2017-10-07,Sheldon,0,Ballard,2
2017-10-07,Hume,2,Ballard,1
2017-10-07,Bronaugh,1,Ballard,2
2017-10-07,Excelsior Springs,2,Belton,0
2017-10-07,St. Pius X (Kansas City),2,Belton,0
2017-10-07,St. Michael the Archangel,2,Belton,0
2017-10-07,Grandview,0,Belton,2
2017-10-07,Raytown,0,Belton,2
2017-10-07,Cole Camp,1,Belton,2
2017-10-07,Notre Dame (St. Louis),2,Bishop DuBourg,0
2017-10-07,Union,0,Blue Eye,2
2017-10-07,Miller,2,Blue Eye,1
2017-10-07,Winnetonka,0,Blue Springs,2
2017-10-07,Park Hill South,1,Blue Springs,1
2017-10-07,Raymore-Peculiar,0,Blue Springs,2
2017-10-07,Staley,1,Blue Springs,1
2017-10-07,Lee's Summit,1,Blue Springs,2
2017-10-07,Northland Christian,2,Blue Springs,0
2017-10-07,Osceola,0,Bolivar,2
2017-10-07,Cuba,2,Bourbon,0
2017-10-07,Linn,2,Bourbon,0
2017-10-07,Hurley,2,Bradleyville,0
2017-10-07,School of the Ozarks,2,Bradleyville,0
2017-10-07,Everton,0,Bradleyville,2
2017-10-07,New Heights Christian,0,Branson,2
2017-10-07,Miami (Amoret),0,Bronaugh,2
2017-10-07,Northeast Vernon County,2,Bronaugh,0
2017-10-07,Veritas Christian Academy,2,Carl Junction,0
2017-10-07,Holden,0,Carl Junction,2
2017-10-07,Helias Catholic,2,Carl Junction,0
2017-10-07,Marshfield,2,Cassville,0
2017-10-07,Hollister,2,Cassville,0
2017-10-07,Niangua,2,Chadwick,0
2017-10-07,Licking,2,Clever,0
2017-10-07,Hillcrest,2,Clinton,0
2017-10-07,Warrensburg,2,Clinton,0
2017-10-07,Bolivar,2,Clinton,0
2017-10-07,Butler,2,Clinton,0
2017-10-07,Fatima,1,Cole Camp,1
2017-10-07,St. Michael the Archangel,2,Cole Camp,0
2017-10-07,Concordia,0,Cole Camp,2
2017-10-07,Rock Bridge,2,Concordia,0
2017-10-07,Grain Valley,2,Concordia,0
2017-10-07,Mid-Buchanan,2,Crystal City,0
2017-10-07,Versailles,2,Crystal City,0
2017-10-07,Eldon,2,Crystal City,0
2017-10-07,Linn,0,Cuba,2
2017-10-07,New Heights Christian,2,Diamond,0
2017-10-07,Penney,0,East Buchanan,2
2017-10-07,Wellington-Napoleon,1,East Buchanan,1
2017-10-07,Lexington,1,East Buchanan,1
2017-10-07,Odessa,1,East Buchanan,2
2017-10-07,Lafayette County,0,East Buchanan,2
2017-10-07,New Heights Christian,2,East Newton,0
2017-10-07,Branson,2,East Newton,0
2017-10-07,McDonald County,0,East Newton,2
2017-10-07,Mid-Buchanan,0,Eldon,2
2017-10-07,Versailles,1,Eldon,1
2017-10-07,California,2,Eldon,0
2017-10-07,Father Tolton,1,Eugene,1
2017-10-07,Calvary Lutheran,2,Eugene,0
2017-10-07,School of the Ozarks,2,Everton,0
2017-10-07,Hurley,2,Everton,0
2017-10-07,St. Pius X (Kansas City),2,Excelsior Springs,0
2017-10-07,Pleasant Hill,2,Excelsior Springs,0
2017-10-07,St. Michael the Archangel,0,Fatima,2
2017-10-07,Grain Valley,2,Fatima,0
2017-10-07,Westminster Christian Academy,0,Festus,2
2017-10-07,Seckman,0,Festus,2
2017-10-07,Sikeston,0,Festus,2
2017-10-07,Hillsboro,0,Festus,2
2017-10-07,Northwest (Cedar Hill),2,Festus,1
2017-10-07,Miller,0,Fordland,2
2017-10-07,Blue Eye,1,Forsyth,1
2017-10-07,Purdy,1,Forsyth,1
2017-10-07,Union,1,Forsyth,1
2017-10-07,Fordland,2,Forsyth,1
2017-10-07,Carl Junction,2,Glendale,0
2017-10-07,Veritas Christian Academy,2,Glendale,0
2017-10-07,Republic,2,Glendale,0
2017-10-07,Rock Bridge,0,Grain Valley,2
2017-10-07,St. Pius X (Kansas City),2,Grain Valley,1
2017-10-07,Pleasant Hill,2,Grandview,0
2017-10-07,Sparta,2,Grandview,0
2017-10-07,St. Paul Lutheran (Concordia),2,Grandview,0
2017-10-07,Hallsville,0,Green Ridge,2
2017-10-07,Warsaw,0,Green Ridge,2
2017-10-07,California,2,Green Ridge,0
2017-10-07,Versailles,0,Green Ridge,2
2017-10-07,Warsaw,1,Hallsville,1
2017-10-07,Nevada,2,Harrisonville,0
2017-10-07,Osceola,2,Harrisonville,0
2017-10-07,Bolivar,2,Harrisonville,0
2017-10-07,Butler,2,Harrisonville,0
2017-10-07,Butler,2,Hillcrest,0
2017-10-07,Warrensburg,2,Hillcrest,0
2017-10-07,Nevada,2,Hillcrest,0
2017-10-07,Northwest (Cedar Hill),2,Hillsboro,0
2017-10-07,Parkway North,0,Hillsboro,2
2017-10-07,Jefferson (Festus),1,Hillsboro,1
2017-10-07,Lee's Summit North,2,Holden,0
2017-10-07,Helias Catholic,2,Holden,0
2017-10-07,Ozark,2,Holden,0
2017-10-07,Licking,1,Hollister,1
2017-10-07,Clever,1,Hollister,1
2017-10-07,Northeast Vernon County,2,Hume,0
2017-10-07,Niangua,0,Hurley,2
2017-10-07,School of the Ozarks,1,Hurley,1
2017-10-07,Northland Christian,2,Kearney,0
2017-10-07,Republic,0,Lafayette (Wildwood),2
2017-10-07,Nixa,0,Lafayette (Wildwood),2
2017-10-07,Ozark,0,Lafayette (Wildwood),2
2017-10-07,Helias Catholic,0,Lafayette (Wildwood),2
2017-10-07,Odessa,2,Lafayette County,0
2017-10-07,Versailles,0,Lafayette County,2
2017-10-07,Lawson,2,Lafayette County,0
2017-10-07,Odessa,2,Lawson,0
2017-10-07,Lexington,2,Lawson,0
2017-10-07,Versailles,0,Lawson,2
2017-10-07,North Kansas City,0,Lee's Summit,2
2017-10-07,St. Charles,0,Lee's Summit,2
2017-10-07,Park Hill,1,Lee's Summit,1
2017-10-07,Northland Christian,1,Lee's Summit,2
2017-10-07,Ozark,2,Lee's Summit North,0
2017-10-07,Helias Catholic,2,Lee's Summit North,0
2017-10-07,Nixa,2,Lee's Summit North,0
2017-10-07,Northland Christian,2,Lee's Summit West,0
2017-10-07,Oak Park,1,Lee's Summit West,1
2017-10-07,Liberty,2,Lee's Summit West,0
2017-10-07,Kearney,1,Lee's Summit West,1
2017-10-07,Penney,0,Lexington,2
2017-10-07,Wellington-Napoleon,2,Lexington,0
2017-10-07,Northland Christian,1,Liberty,1
2017-10-07,Oak Park,0,Liberty,2
2017-10-07,Kearney,0,Liberty,2
2017-10-07,Staley,0,Liberty,2
2017-10-07,North Kansas City,0,Marquette,2
2017-10-07,Lee's Summit,2,Marquette,0
2017-10-07,Park Hill,0,Marquette,2
2017-10-07,St. Charles,1,Marquette,1
2017-10-07,Liberty,0,Marquette,2
2017-10-07,Staley,0,Marquette,2
2017-10-07,Willard,1,Marshall,1
2017-10-07,California,2,Marshall,0
2017-10-07,Licking,0,Marshfield,2
2017-10-07,Diamond,2,McDonald County,1
2017-10-07,New Heights Christian,2,McDonald County,0
2017-10-07,Notre Dame (St. Louis),0,Mehlville,2
2017-10-07,Bishop DuBourg,0,Mehlville,2
2017-10-07,Sheldon,2,Miami (Amoret),0
2017-10-07,Versailles,1,Mid-Buchanan,1
2017-10-07,Father Tolton,2,Montgomery County,0
2017-10-07,Tipton,0,Montgomery County,2
2017-10-07,Calvary Lutheran,2,Montgomery County,0
2017-10-07,Osceola,0,Nevada,2
2017-10-07,Bolivar,1,Nevada,1
2017-10-07,Butler,1,Nevada,2
2017-10-07,School of the Ozarks,2,Niangua,0
2017-10-07,Republic,0,Nixa,2
2017-10-07,Helias Catholic,2,Nixa,0
2017-10-07,St. Charles,2,North Kansas City,0
2017-10-07,Park Hill,2,North Kansas City,0
2017-10-07,Jefferson (Festus),0,Northwest (Cedar Hill),2
2017-10-07,Parkway North,0,Northwest (Cedar Hill),2
2017-10-07,Seckman,0,Northwest (Cedar Hill),2
2017-10-07,Northland Christian,2,Oak Park,0
2017-10-07,Park Hill South,2,Oak Park,0
2017-10-07,Kearney,0,Oak Park,2
2017-10-07,Park Hill,2,Oak Park,0
2017-10-07,Versailles,0,Odessa,2
2017-10-07,Penney,0,Odessa,2
2017-10-07,Green Ridge,1,Osage,1
2017-10-07,Eldon,2,Osage,1
2017-10-07,Hallsville,0,Osage,2
2017-10-07,Warsaw,0,Osage,2
2017-10-07,Helias Catholic,1,Ozark,1
2017-10-07,Nixa,0,Ozark,2
2017-10-07,Veritas Christian Academy,0,Ozark,2
2017-10-07,St. Charles,1,Park Hill,1
2017-10-07,Park Hill South,0,Park Hill,2
2017-10-07,Winnetonka,0,Park Hill South,2
2017-10-07,Raymore-Peculiar,0,Park Hill South,2
2017-10-07,Staley,2,Park Hill South,0
2017-10-07,Jefferson (Festus),2,Parkway North,0
2017-10-07,Sikeston,0,Parkway North,2
2017-10-07,Wellington-Napoleon,2,Penney,0
2017-10-07,St. Michael the Archangel,0,Platte County,2
2017-10-07,Fatima,1,Platte County,1
2017-10-07,Cole Camp,0,Platte County,2
2017-10-07,Rock Bridge,0,Platte County,2
2017-10-07,St. Pius X (Kansas City),0,Platte County,2
2017-10-07,Pleasant Hill,1,Platte County,2
2017-10-07,St. Paul Lutheran (Concordia),0,Pleasant Hill,2
2017-10-07,Sparta,0,Pleasant Hill,2
2017-10-07,Blue Eye,2,Purdy,0
2017-10-07,Union,2,Purdy,0
2017-10-07,Winnetonka,0,Raymore-Peculiar,2
2017-10-07,Staley,1,Raymore-Peculiar,1
2017-10-07,Excelsior Springs,2,Raytown,0
2017-10-07,St. Paul Lutheran (Concordia),2,Raytown,0
2017-10-07,St. Pius X (Kansas City),2,Raytown,0
2017-10-07,Rock Bridge,2,Raytown South,0
2017-10-07,St. Michael the Archangel,2,Raytown South,0
2017-10-07,Grain Valley,2,Raytown South,0
2017-10-07,Concordia,2,Raytown South,0
2017-10-07,Licking,2,Reeds Spring,0
2017-10-07,Fordland,2,Salem,0
2017-10-07,Miller,2,Salem,0
2017-10-07,Westminster Christian Academy,1,Seckman,1
2017-10-07,Sikeston,0,Seckman,2
2017-10-07,Westminster Christian Academy,0,Sikeston,2
2017-10-07,St. Paul Lutheran (Concordia),0,Sparta,2
2017-10-07,St. Pius X (Kansas City),2,Sparta,0
2017-10-07,Willard,0,Southern Boone,2
2017-10-07,Marshall,1,Southern Boone,1
2017-10-07,California,2,Southern Boone,0
2017-10-07,Osage,2,Southern Boone,0
2017-10-07,Cuba,2,St. James,0
2017-10-07,Linn,1,St. James,1
2017-10-07,Bourbon,1,St. James,1
2017-10-07,St. Michael the Archangel,2,St. Paul Lutheran (Concordia),0
2017-10-07,California,2,Willard,0
2017-10-07,Calvary Lutheran,2,Tipton,0
2017-10-07,Wellington-Napoleon,2,Versailles,0
2017-10-07,Butler,2,Warrensburg,0
2017-10-07,Bolivar,2,Warrensburg,0
2017-10-07,Osceola,0,Warrensburg,2
2017-10-07,Jefferson (Festus),2,Westminster Christian Academy,1
2017-10-07,Staley,2,Winnetonka,0
2017-10-08,Miller,2,Blue Eye,1
2017-10-08,Miller,0,Fordland,2
2017-10-09,Bell City,0,Advance,2
2017-10-09,Valley,0,Arcadia Valley,2
2017-10-09,Central (Park Hills),0,Arcadia Valley,2
2017-10-09,Bolivar,2,Ash Grove,0
2017-10-09,Montgomery County,0,Battle,2
2017-10-09,Jennings,0,Bayless,2
2017-10-09,Woodland,2,Bernie,1
2017-10-09,Springfield Catholic,2,Bishop DuBourg,1
2017-10-09,West County,2,Bismarck,0
2017-10-09,Forsyth,0,Blue Eye,2
2017-10-09,Belle,0,Bourbon,2
2017-10-09,Orchard Farm,2,Bowling Green,0
2017-10-09,Reeds Spring,0,Branson,2
2017-10-09,Chilhowee,2,Calhoun,1
2017-10-09,Savannah,0,California,2
2017-10-09,Plattsburg,0,Cameron,2
2017-10-09,Winona,2,Carthage,0
2017-10-09,Poplar Bluff,2,Central (Cape Girardeau),0
2017-10-09,Northeast (Kansas City),2,Central (Kansas City),1
2017-10-09,Valley,0,Central (Park Hills),2
2017-10-09,Bunceton,2,Chamois,0
2017-10-09,Warsaw,0,Cole Camp,2
2017-10-09,Lift for Life Academy Charter,2,Collegiate School of Med-Bio Science,0
2017-10-09,St. Clair,2,DeSoto,1
2017-10-09,Notre Dame (Cape Girardeau),1,Dexter,2
2017-10-09,Puxico,0,Doniphan,2
2017-10-09,St. Charles West,0,Duchesne,2
2017-10-09,Hogan Prep Academy Charter,2,East (Kansas City),0
2017-10-09,Buffalo,0,El Dorado Springs,2
2017-10-09,Bunker,0,Ellington,2
2017-10-09,Nerinx Hall,1,Eureka,2
2017-10-09,Conway,0,Fair Grove,2
2017-10-09,Bismarck,0,Farmington,2
2017-10-09,West County,0,Farmington,2
2017-10-09,New Haven,0,Fatima,2
2017-10-09,Willow Springs,2,Fordland,0
2017-10-09,Kingston,0,Fredericktown,2
2017-10-09,Ste. Genevieve,2,Fredericktown,0
2017-10-09,Pacific,2,Ft. Zumwalt North,0
2017-10-09,Thomas Jefferson Independent Day,0,Golden City,2
2017-10-09,Belton,0,Grain Valley,2
2017-10-09,Winnetonka,2,Grandview,0
2017-10-09,Grandview (Hillsboro),2,Hancock,0
2017-10-09,Mexico,0,Hannibal,2
2017-10-09,North Technical,0,Hazelwood Central,2
2017-10-09,Fulton,0,Hickman,2
2017-10-09,Fox,0,Hillsboro,2
2017-10-09,Osceola,1,Holden,2
2017-10-09,Timberland,2,Holt,0
2017-10-09,Marionville,0,Hurley,0
2017-10-09,Webster Groves,0,Incarnate Word Academy,2
2017-10-09,Saxony Lutheran,1,Jefferson (Festus),2
2017-10-09,Central (Springfield),1,Joplin,2
2017-10-09,Ste. Genevieve,2,Kingston,0
2017-10-09,Archie,2,Kingsville,0
2017-10-09,Lindbergh,2,Kirkwood,0
2017-10-09,Lincoln,2,Lakeland,0
2017-10-09,Brookfield,0,Lathrop,2
2017-10-09,Bishop LeBlond,2,Lawson,1
2017-10-09,Lee's Summit North,1,Lee's Summit West,2
2017-10-09,Penney,0,Lexington,2
2017-10-09,Rich Hill,0,Liberal,2
2017-10-09,Waynesville,0,Liberty (Mountain View),2
2017-10-09,Eminence,2,Licking,0
2017-10-09,Southeast,0,Lincoln College Prep,2
2017-10-09,Lutheran North,1,Maplewood-Richmond Hts.,2
2017-10-09,Mountain Grove,1,Marshfield,2
2017-10-09,Greenfield,0,New Heights Christian,2
2017-10-09,Potosi,2,North County,1
2017-10-09,Valle Catholic,2,North County,0
2017-10-09,Festus,0,Northwest (Cedar Hill),2
2017-10-09,Otterville,0,Northwest (Hughesville),2
2017-10-09,Marquand-Zion,0,Oak Ridge,2
2017-10-09,Chilhowee,0,Orrick,2
2017-10-09,Calhoun,0,Orrick,2
2017-10-09,Cuba,2,Owensville,0
2017-10-09,Ladue Horton Watkins,0,Parkway Central,2
2017-10-09,Ft. Zumwalt East,0,Pattonville,2
2017-10-09,Valle Catholic,2,Potosi,0
2017-10-09,Raytown South,2,Raytown,0
2017-10-09,Clayton,2,Riverview Gardens,0
2017-10-09,East Buchanan,2,Rock Port,0
2017-10-09,Smithton,2,Sarcoxie,0
2017-10-09,Clearwater,0,Seneca,2
2017-10-09,Miami (Amoret),0,Sheldon,2
2017-10-09,Meadow Heights,2,South Iron,0
2017-10-09,Monett,3,Southwest (Washburn),0
2017-10-09,Galena,0,Union,2
2017-10-09,Crane,2,Springfield Catholic,0
2017-10-09,Westminster Christian Academy,0,St. Dominic,2
2017-10-09,Hermann,2,St. Joseph's Academy,1
2017-10-09,Trenton,1,St. Joseph Christian,2
2017-10-09,Leopold,0,St. Vincent,2
2017-10-09,Viburnum,2,Warsaw,0
2017-10-09,Lockwood,0,Stockton,2
2017-10-09,Versailles,2,Willard,0
2017-10-09,Wellington-Napoleon,1,Summit Christian Academy,2
2017-10-09,Hallsville,2,Tipton,0
2017-10-09,Ritenour,2,Trinity Catholic,0
2017-10-09,McCluer,0,University City,2
2017-10-09,Brentwood,2,Valley Park,0
2017-10-09,Cor Jesu Academy,2,Villa Duchesne,0
2017-10-09,Oak Grove,0,Warrensburg,2
2017-10-09,Union,1,Warrenton,2
2017-10-09,John Burroughs,2,Whitfield,0
2017-10-09,Crest Ridge,0,Windsor,2
2017-10-09,St. Pius X (Festus),2,Windsor (Imperial),0
2017-10-10,El Dorado Springs,0,Adrian,2
2017-10-10,St. Vincent,0,Advance,2
2017-10-10,Lone Jack,2,Archie,0
2017-10-10,Cassville,0,Aurora,2
2017-10-10,Mountain Grove,2,Ava,0
2017-10-10,Platte County,2,Belton,0
2017-10-10,Chillicothe,1,Benton,2
2017-10-10,Leopold,2,Bernie,1
2017-10-10,Jefferson City,1,Blair Oaks,1
2017-10-10,Bell City,0,Bloomfield,2
2017-10-10,Park Hill,2,Blue Springs,1
2017-10-10,Springfield Catholic,0,Bolivar,2
2017-10-10,Mexico,1,Boonville,2
2017-10-10,Cuba,2,Bourbon,0
2017-10-10,Montgomery County,2,Bowling Green,1
2017-10-10,Chadwick,0,Bradleyville,2
2017-10-10,Maplewood-Richmond Hts.,0,Brentwood,2
2017-10-10,Hollister,2,Buffalo,1
2017-10-10,Rich Hill,0,Butler,2
2017-10-10,Nixa,2,Carl Junction,1
2017-10-10,Neosho,0,Carthage,2
2017-10-10,Cooter,0,Caruthersville,2
2017-10-10,Notre Dame (Cape Girardeau),2,Central (Cape Girardeau),0
2017-10-10,Seneca,2,Central (New Madrid County),0
2017-10-10,Kennett,2,Central (New Madrid County),0
2017-10-10,Charleston,0,Central (New Madrid County),2
2017-10-10,Oran,2,Central (New Madrid County),0
2017-10-10,Liberty North,0,Central (St. Joseph),2
2017-10-10,Seneca,2,Charleston,0
2017-10-10,Kennett,2,Charleston,0
2017-10-10,Oran,2,Charleston,0
2017-10-10,Ballard,2,Chilhowee,0
2017-10-10,South Iron,0,Clearwater,2
2017-10-10,Billings,0,Clever,2
2017-10-10,Warrensburg,2,Clinton,0
2017-10-10,Sacred Heart,2,Cole Camp,0
2017-10-10,Confluence Prep Academy Charter,0,Collegiate School of Med-Bio Science,2
2017-10-10,Southland,2,Delta (Deering),1
2017-10-10,Miller,2,Diamond,0
2017-10-10,Dixon,0,Eldon,2
2017-10-10,Doniphan,2,Ellington,1
2017-10-10,Wright City,0,Eminence,2
2017-10-10,Calvary Lutheran,2,Eugene,0
2017-10-10,Niangua,2,Everton,0
2017-10-10,Pleasant Hill,2,Excelsior Springs,0
2017-10-10,Southwest (Washburn),2,Exeter,0
2017-10-10,Stockton,0,Fair Grove,2
2017-10-10,Centralia,2,Father Tolton,1
2017-10-10,Jefferson (Festus),1,Festus,2
2017-10-10,Crane,2,Forsyth,0
2017-10-10,Northwest (Cedar Hill),2,Fox,0
2017-10-10,Francis Howell North,0,Francis Howell,2
2017-10-10,Holt,1,Ft. Zumwalt East,1
2017-10-10,Ft. Zumwalt South,2,Ft. Zumwalt North,1
2017-10-10,Francis Howell Central,1,Ft. Zumwalt West,2
2017-10-10,Fatima,2,Fulton,0
2017-10-10,Rolla,2,Glendale,0
2017-10-10,Windsor,0,Green Ridge,2
2017-10-10,California,2,Hallsville,0
2017-10-10,Crossroads College Preparatory,2,Hancock,0
2017-10-10,Kirksville,0,Hannibal,2
2017-10-10,Senath-Hornersville,2,Hayti,0
2017-10-10,Hazelwood East,0,Hazelwood West,2
2017-10-10,Lebanon,2,Hillcrest,0
2017-10-10,Sikeston,0,Jackson,2
2017-10-10,Poplar Bluff,0,Jackson,2
2017-10-10,Notre Dame (Cape Girardeau),2,Jackson,0
2017-10-10,Central (Cape Girardeau),0,Jackson,2
2017-10-10,Lockwood,0,Jasper,2
2017-10-10,Normandy Collaborative,0,Jennings,2
2017-10-10,Winnetonka,0,Kearney,2
2017-10-10,Valley,2,Kingston,1
2017-10-10,Bismarck,2,Kingston,0
2017-10-10,Lakeland,0,Kingsville,2
2017-10-10,Lafayette County,0,Knob Noster,2
2017-10-10,St. Joseph Christian,0,Lafayette (St. Joseph),2
2017-10-10,Mid-Buchanan,2,Lathrop,0
2017-10-10,East Buchanan,1,Lawson,2
2017-10-10,Lee's Summit West,0,Lee's Summit,2
2017-10-10,Winona,0,Lesterville,2
2017-10-10,Raytown,0,Liberty,2
2017-10-10,Cabool,1,Liberty (Mountain View),2
2017-10-10,Washington,2,Liberty (Wentzville),0
2017-10-10,Versailles,2,Lincoln College Prep,1
2017-10-10,Sarcoxie,0,Linn,2
2017-10-10,Reeds Spring,0,Logan-Rogersville,2
2017-10-10,Santa Fe,2,Lutheran (Kansas City),0
2017-10-10,Holcomb,0,Malden,2
2017-10-10,Skyline,2,Marionville,0
2017-10-10,Zalma,2,Marquand-Zion,0
2017-10-10,Lafayette (Wildwood),2,Marquette,0
2017-10-10,Savannah,2,Marshall,0
2017-10-10,Sparta,2,Maryville,0
2017-10-10,New Heights Christian,2,McAuley Catholic,0
2017-10-10,Hazelwood Central,2,McCluer North,0
2017-10-10,East Newton,2,McDonald County,1
2017-10-10,Chamois,2,Missouri School for the Deaf,0
2017-10-10,Rockwood Summit,0,Nerinx Hall,2
2017-10-10,Center,0,Nevada,2
2017-10-10,Pacific,0,New Haven,2
2017-10-10,Wright City,2,North Callaway,0
2017-10-10,Valley,0,North County,2
2017-10-10,Bismarck,1,North County,2
2017-10-10,Grandview,0,North Kansas City,2
2017-10-10,University Academy Charter,2,Northeast (Kansas City),1
2017-10-10,Smithton,1,Northwest (Hughesville),2
2017-10-10,Grain Valley,2,Oak Grove,0
2017-10-10,Harrisonville,0,Odessa,2
2017-10-10,Seneca,0,Oran,2
2017-10-10,Kennett,0,Oran,2
2017-10-10,Southern Boone,0,Osage,2
2017-10-10,Calhoun,0,Otterville,2
2017-10-10,Union,2,Owensville,1
2017-10-10,Camdenton,1,Parkview,0
2017-10-10,Penney,0,Plattsburg,2
2017-10-10,Ash Grove,2,Pleasant Hope,0
2017-10-10,Sikeston,0,Poplar Bluff,2
2017-10-10,Central (Cape Girardeau),0,Poplar Bluff,2
2017-10-10,Notre Dame (Cape Girardeau),1,Poplar Bluff,1
2017-10-10,Lutheran South,2,Principia,0
2017-10-10,Wheaton,2,Purdy,0
2017-10-10,Blue Springs South,0,Raymore-Peculiar,2
2017-10-10,Willard,2,Republic,0
2017-10-10,Clarkton,2,Richland (Essex),1
2017-10-10,Holden,2,Richmond,0
2017-10-10,Affton,1,Ritenour,2
2017-10-10,McCluer,2,Riverview Gardens,0
2017-10-10,Nodaway-Holt,0,Rock Port,2
2017-10-10,Willow Springs,2,Salem,0
2017-10-10,Liberal,1,Sarcoxie,2
2017-10-10,Union,0,School of the Ozarks,2
2017-10-10,Kennett,1,Seneca,1
2017-10-10,Parkway South,2,Seckman,0
2017-10-10,Lamar,0,Seneca,2
2017-10-10,Central (Cape Girardeau),0,Sikeston,2
2017-10-10,Notre Dame (Cape Girardeau),2,Sikeston,0
2017-10-10,Central (Springfield),2,Spokane,0
2017-10-10,St. James,0,St. Clair,2
2017-10-10,Incarnate Word Academy,2,St. Dominic,1
2017-10-10,Helias Catholic,0,St. Joseph's Academy,2
2017-10-10,Oak Ridge,2,St. Paul Lutheran (Farmington),0
2017-10-10,Ursuline Academy,0,St. Pius X (Festus),2
2017-10-10,St. Michael the Archangel,0,St. Pius X (Kansas City),2
2017-10-10,Ruskin,0,Staley,2
2017-10-10,Lincoln,2,Willard,0
2017-10-10,Hermann,2,Webb City,0
2017-10-10,Houston,2,Thayer,0
2017-10-10,Troy Buchanan,0,Timberland,2
2017-10-10,La Monte,0,Tipton,2
2017-10-10,Savannah,2,Trenton,0
2017-10-10,Park Hill South,2,St. Charles,0
2017-10-10,Bayless,0,Valley Park,2
2017-10-10,St. Charles,0,Veritas Christian Academy,2
2017-10-10,Kickapoo,2,Waynesville,0
2017-10-10,Branson,2,Webb City,0
2017-10-10,Mehlville,1,Webster Groves,2
2017-10-10,Joplin,2,West Plains,1
2017-10-10,North Platte,0,West Platte,2
2017-10-10,Parkway West,2,Westminster Christian Academy,0
2017-10-10,Fort Osage,1,William Chrisman,2
2017-10-10,Lutheran St. Charles,2,Winfield,0
2017-10-11,Oakville,2,Affton,0
2017-10-11,Valle Catholic,2,Arcadia Valley,1
2017-10-11,Holt,2,Battle,0
2017-10-11,Bayless,2,Cardinal Ritter,0
2017-10-11,West County,0,Central (Park Hills),2
2017-10-11,Metro,1,Crossroads College Preparatory,1
2017-10-11,St. Paul Lutheran (Farmington),0,Crystal City,2
2017-10-11,Seckman,0,DeSoto,2
2017-10-11,Arcadia Valley,2,Farmington,0
2017-10-11,West County,2,Fredericktown,0
2017-10-11,Potosi,2,Fredericktown,0
2017-10-11,Collegiate School of Med-Bio Science,0,Gateway Science Charter,2
2017-10-11,Bourbon,0,Grandview (Hillsboro),2
2017-10-11,St. Charles West,1,Hazelwood West,2
2017-10-11,Bishop DuBourg,0,Herculaneum,2
2017-10-11,Rock Bridge,1,Hickman,2
2017-10-11,Lift for Life Academy Charter,1,Jennings,1
2017-10-11,Parkway Central,0,John Burroughs,2
2017-10-11,Whitfield,2,Lutheran North,1
2017-10-11,Eureka,1,Mehlville,2
2017-10-11,St. Michael the Archangel,0,Notre Dame de Sion,2
2017-10-11,Cor Jesu Academy,2,Parkway West,1
2017-10-11,Central (Park Hills),2,Potosi,0
2017-10-11,North Technical,0,Riverview Gardens,2
2017-10-11,Central (Kansas City),0,Southeast,2
2017-10-11,Father Tolton,0,Southern Boone,2
2017-10-11,Duchesne,0,St. Joseph's Academy,2
2017-10-11,Springfield Catholic,1,Trinity Catholic,2
2017-10-11,Ozark,3,Veritas Christian Academy,1
2017-10-11,Oak Park,2,William Chrisman,1
2017-10-12,Sherwood,0,Adrian,2
2017-10-12,Bishop DuBourg,0,Affton,2
2017-10-12,Valle Catholic,2,Arcadia Valley,1
2017-10-12,Butler,2,Archie,0
2017-10-12,Miami (Amoret),0,Ballard,2
2017-10-12,Hurley,1,Billings,2
2017-10-12,Park Hill,0,Blue Springs South,2
2017-10-12,Webb City,2,Bourbon,0
2017-10-12,Battle,0,Calvary Lutheran,2
2017-10-12,Rolla,1,Camdenton,2
2017-10-12,Lafayette (St. Joseph),2,Cameron,1
2017-10-12,Marshfield,0,Carthage,2
2017-10-12,Notre Dame (Cape Girardeau),2,Central (Cape Girardeau),0
2017-10-12,Central (New Madrid County),1,Central (Cape Girardeau),2
2017-10-12,Ava,0,Central (Springfield),2
2017-10-12,Eugene,1,Centralia,2
2017-10-12,Union,2,Chadwick,0
2017-10-12,Summersville,2,Clarkton,1
2017-10-12,Northwest (Hughesville),0,Cole Camp,2
2017-10-12,Skyline,2,Conway,0
2017-10-12,Santa Fe,2,Crest Ridge,1
2017-10-12,Belle,0,Cuba,2
2017-10-12,Perryville,0,Dexter,2
2017-10-12,University Academy Charter,2,East (Kansas City),1
2017-10-12,Liberal,0,El Dorado Springs,2
2017-10-12,Marquand-Zion,0,Ellington,2
2017-10-12,Lesterville,0,Eminence,2
2017-10-12,Ste. Genevieve,2,Farmington,1
2017-10-12,Arcadia Valley,2,Farmington,0
2017-10-12,Niangua,0,Fordland,2
2017-10-12,Fair Grove,2,Forsyth,0
2017-10-12,North Kansas City,0,Fort Osage,2
2017-10-12,Ft. Zumwalt West,2,Ft. Zumwalt North,0
2017-10-12,Hillcrest,0,Glendale,2
2017-10-12,Everton,0,Golden City,2
2017-10-12,Excelsior Springs,0,Grain Valley,2
2017-10-12,Raytown South,2,Grandview,0
2017-10-12,Willard,0,Green Ridge,2
2017-10-12,Pierce City,0,Greenfield,2
2017-10-12,Eldon,2,Hallsville,0
2017-10-12,Boonville,0,Hannibal,2
2017-10-12,Oak Grove,2,Harrisonville,1
2017-10-12,Hazelwood East,0,Hazelwood Central,2
2017-10-12,Hayti,0,Holcomb,2
2017-10-12,Carrollton,0,Holden,2
2017-10-12,St. Joseph's Academy,2,Incarnate Word Academy,0
2017-10-12,Notre Dame (Cape Girardeau),1,Jackson,2
2017-10-12,Seneca,0,Jackson,2
2017-10-12,Sikeston,0,Jackson,2
2017-10-12,Herculaneum,1,Jefferson (Festus),2
2017-10-12,Helias Catholic,2,Jefferson City,0
2017-10-12,Maplewood-Richmond Hts.,2,Jennings,0
2017-10-12,Waynesville,0,Joplin,2
2017-10-12,Pattonville,0,Kirkwood,2
2017-10-12,Doniphan,2,Koshkonong,0
2017-10-12,Smithton,2,La Monte,0
2017-10-12,Francis Howell,0,Lafayette (Wildwood),2
2017-10-12,Lexington,2,Lafayette County,0
2017-10-12,Parkview,0,Lebanon,2
2017-10-12,Raymore-Peculiar,1,Lee's Summit,2
2017-10-12,Blue Springs,2,Lee's Summit North,1
2017-10-12,St. Charles,0,Liberty,2
2017-10-12,Kearney,0,Liberty North,2
2017-10-12,Sacred Heart,2,Lincoln,0
2017-10-12,Chamois,0,Linn,2
2017-10-12,Diamond,0,Lockwood,2
2017-10-12,Nixa,2,Logan-Rogersville,1
2017-10-12,Lathrop,0,Lone Jack,2
2017-10-12,Wellington-Napoleon,2,Lutheran (Kansas City),1
2017-10-12,Visitation Academy,2,Lutheran North,0
2017-10-12,Cor Jesu Academy,1,Lutheran South,2
2017-10-12,Notre Dame (St. Louis),0,Lutheran St. Charles,2
2017-10-12,Villa Duchesne,1,Marquette,2
2017-10-12,Hazelwood West,2,McCluer,0
2017-10-12,Aurora,2,McDonald County,0
2017-10-12,Gateway Science Charter,2,McKinley Classical Leadership,0
2017-10-12,Fulton,0,Mexico,2
2017-10-12,Sparta,1,Mid-Buchanan,2
2017-10-12,Pleasant Hope,0,Miller,2
2017-10-12,Wright City,1,Montgomery County,2
2017-10-12,East Newton,0,Mt. Vernon,2
2017-10-12,Father Tolton,2,North Callaway,0
2017-10-12,Delta (Deering),0,North Pemiscot,2
2017-10-12,Lift for Life Academy Charter,2,North Technical,1
2017-10-12,Hogan Prep Academy Charter,2,Northeast (Kansas City),0
2017-10-12,Rock Bridge,0,Northland Christian,2
2017-10-12,Grandview (Hillsboro),2,Oak Ridge,0
2017-10-12,Whitfield,2,Orchard Farm,0
2017-10-12,Thayer,0,Plato,2
2017-10-12,Odessa,0,Pleasant Hill,2
2017-10-12,Kennett,0,Poplar Bluff,2
2017-10-12,Notre Dame (Cape Girardeau),2,Poplar Bluff,0
2017-10-12,Monett,2,Purdy,0
2017-10-12,Central (St. Joseph),2,Raytown,0
2017-10-12,Hume,2,Rich Hill,0
2017-10-12,McCluer North,2,Riverview Gardens,0
2017-10-12,Ritenour,0,Rockwood Summit,2
2017-10-12,Oak Park,2,Ruskin,0
2017-10-12,Bishop LeBlond,2,Savannah,1
2017-10-12,Cassville,0,Seneca,2
2017-10-12,Bronaugh,2,Sheldon,0
2017-10-12,Charleston,0,Sikeston,2
2017-10-12,Oran,0,Sikeston,2
2017-10-12,Penney,2,South Harrison,1
2017-10-12,Greenville,2,South Iron,1
2017-10-12,East (Kansas City),2,Southeast,0
2017-10-12,Marionville,1,Spokane,2
2017-10-12,Francis Howell North,2,St. Charles,0
2017-10-12,Hillsboro,2,St. Clair,1
2017-10-12,Nevada,0,St. Michael the Archangel,2
2017-10-12,Concordia,0,St. Paul Lutheran (Concordia),2
2017-10-12,Bunker,0,St. Paul Lutheran (Farmington),2
2017-10-12,Clinton,0,St. Pius X (Kansas City),2
2017-10-12,Pembroke Hill,1,Staley,2
2017-10-12,Valle Catholic,2,Ste. Genevieve,0
2017-10-12,Union,2,Warsaw,1
2017-10-12,Osceola,2,Stockton,1
2017-10-12,Hollister,0,Winona,2
2017-10-12,Liberty (Mountain View),2,Wright City,0
2017-10-12,Jasper,2,Thomas Jefferson Independent Day,1
2017-10-12,John Burroughs,2,University City,0
2017-10-12,Nerinx Hall,0,Ursuline Academy,2
2017-10-12,Cleveland NJROTC,0,Valley Park,2
2017-10-12,Warrenton,0,Veritas Christian Academy,2
2017-10-12,Exeter,0,Verona,2
2017-10-12,Blair Oaks,2,Versailles,0
2017-10-12,Osage,2,Warsaw,0
2017-10-12,Owensville,0,Washington,2
2017-10-12,Kickapoo,2,West Plains,0
2017-10-12,Troy Buchanan,1,Westminster Christian Academy,2
2017-10-12,Licking,2,Willow Springs,0
2017-10-12,Tipton,0,Windsor,2
2017-10-12,Belton,0,Winnetonka,2
2017-10-12,Houston,0,Winona,2
2017-10-12,Bell City,0,Woodland,3
2017-10-12,Bloomfield,2,Zalma,0
2017-10-13,Northeast Vernon County,2,Ballard,0
2017-10-13,Saxony Lutheran,2,Bernie,1
2017-10-13,School of the Ozarks,2,Everton,0
2017-10-13,Lutheran South,1,Ladue Horton Watkins,1
2017-10-13,Puxico,0,Leopold,2
2017-10-13,Pembroke Hill,2,Lutheran North,0
2017-10-13,Notre Dame (St. Louis),2,Lutheran North,0
2017-10-13,MICDS,2,Lutheran North,0
2017-10-13,Valley,2,Marquand-Zion,0
2017-10-13,Wheaton,2,McAuley Catholic,1
2017-10-13,St. Paul Lutheran (Farmington),0,Meadow Heights,2
2017-10-13,Pembroke Hill,0,MICDS,2
2017-10-13,Notre Dame (St. Louis),2,MICDS,0
2017-10-13,Skyline,2,Niangua,0
2017-10-13,Cooter,0,North Pemiscot,2
2017-10-13,Pembroke Hill,0,Notre Dame (St. Louis),2
2017-10-13,Fox,0,Parkway North,2
2017-10-13,Senath-Hornersville,2,Southland,0
2017-10-13,Windsor,1,St. Charles,1
2017-10-13,Windsor (Imperial),0,St. Charles,2
2017-10-13,Campbell,0,St. Clair,2
2017-10-13,Maplewood-Richmond Hts.,2,University City,0
2017-10-13,Principia,0,Windsor,2
2017-10-13,Principia,0,Windsor (Imperial),2
2017-10-13,Advance,2,Woodland,0
2017-10-14,Villa Duchesne,0,Cor Jesu Academy,2
2017-10-14,Principia,0,Lutheran North,2
2017-10-14,Pembroke Hill,2,Principia,0
2017-10-14,Notre Dame (St. Louis),2,St. Charles,0
2017-10-14,Principia,0,St. Charles,2
2017-10-14,MICDS,0,St. Charles,2
2017-10-14,St. Joseph's Academy,2,St. Dominic,0
2017-10-14,Lutheran North,0,Windsor,2
2017-10-14,Pembroke Hill,0,Windsor,2
2017-10-14,Lutheran North,0,Windsor (Imperial),2
2017-10-14,Pembroke Hill,0,Windsor (Imperial),2
2017-10-16,North Pemiscot,2,Clarkton,1
2017-10-16,Cooter,1,Holcomb,2
2017-10-16,North Pemiscot,2,Southland,0
2017-10-16,Clarkton,2,Delta (Deering),0
2017-10-16,Advance,2,Oran,0
2017-10-16,Bernie,2,Campbell,0
2017-10-16,Oran,2,Richland (Essex),0
2017-10-16,Campbell,2,Bell City,0
2017-10-16,Lesterville,2,Zalma,0
2017-10-16,Meadow Heights,0,Leopold,2
2017-10-16,Zalma,2,Ellington,1
2017-10-16,Meadow Heights,2,Marquand-Zion,0
2017-10-16,Leopold,2,South Iron,0
2017-10-16,Eminence,2,Thayer,0
2017-10-16,Viburnum,2,Koshkonong,0
2017-10-16,Wright City,2,Bunker,0
2017-10-16,Plato,2,Niangua,0
2017-10-16,Billings,2,Everton,0
2017-10-16,Hurley,2,Chadwick,0
2017-10-16,Galena,2,Bradleyville,0
2017-10-16,Wheaton,2,Thomas Jefferson Independent Day,0
2017-10-16,McAuley Catholic,2,Exeter,0
2017-10-16,Pierce City,2,Verona,0
2017-10-16,Greenfield,0,Golden City,2
2017-10-16,Jasper,2,Sheldon,0
2017-10-16,Lockwood,2,Bronaugh,0
2017-10-16,Hume,2,Northeast Vernon County,0
2017-10-16,Rich Hill,2,Lakeland,1
2017-10-16,Willard,2,Otterville,0
2017-10-16,Lincoln,2,Calhoun,0
2017-10-16,Smithton,2,Bunceton,0
2017-10-16,Archie,2,Ballard,1
2017-10-16,Drexel,2,Chilhowee,0
2017-10-16,Kingsville,2,Miami (Amoret),0
2017-10-16,Crest Ridge,2,Concordia,1
2017-10-16,Sacred Heart,2,La Monte,0
2017-10-16,Lutheran (Kansas City),1,Orrick,2
2017-10-16,Wellington-Napoleon,2,West Platte,1
2017-10-16,St. Joseph Christian,2,Nodaway-Holt,0
2017-10-16,Senath-Hornersville,0,Portageville,2
2017-10-16,Malden,2,Caruthersville,0
2017-10-16,Summersville,2,Hayti,0
2017-10-16,Puxico,0,Clearwater,2
2017-10-16,Woodland,2,Charleston,0
2017-10-16,Greenville,1,Seneca,2
2017-10-16,Jefferson (Festus),2,Grandview (Hillsboro),0
2017-10-16,Arcadia Valley,2,Kingston,0
2017-10-16,Saxony Lutheran,2,West County,0
2017-10-16,McKinley Classical Leadership,2,Cleveland NJROTC,1
2017-10-16,Carnahan,1,Cardinal Ritter,2
2017-10-16,Valley Park,0,Principia,2
2017-10-16,Maplewood-Richmond Hts.,2,Gateway Science Charter,0
2017-10-16,Montgomery County,2,Father Tolton,0
2017-10-16,Hallsville,2,North Callaway,0
2017-10-16,Centralia,2,Bowling Green,0
2017-10-16,Linn,2,Belle,0
2017-10-16,Eugene,2,Dixon,0
2017-10-16,Warsaw,2,Bourbon,0
2017-10-16,Liberty (Mountain View),1,Cabool,2
2017-10-16,Willow Springs,2,Licking,0
2017-10-16,Cabool,2,Houston,0
2017-10-16,Licking,2,Union,0
2017-10-16,Marionville,2,Purdy,1
2017-10-16,Crane,2,Southwest (Washburn),0
2017-10-16,Spokane,2,Forsyth,0
2017-10-16,Butler,2,Diamond,0
2017-10-16,Lamar,2,Stockton,0
2017-10-16,New Heights Christian,1,El Dorado Springs,2
2017-10-16,Skyline,2,Conway,1
2017-10-16,Fair Grove,2,Pleasant Hope,0
2017-10-16,Ash Grove,2,Warsaw,0
2017-10-16,Holden,2,Knob Noster,0
2017-10-16,Versailles,2,Tipton,0
2017-10-16,Windsor,2,Sherwood,0
2017-10-16,St. Michael the Archangel,2,University Academy Charter,0
2017-10-16,Summit Christian Academy,2,Frontier School of Excellence Charter,0
2017-10-16,Barstow,2,South Harrison,0
2017-10-16,St. Paul Lutheran (Concordia),2,Carrollton,0
2017-10-16,Trenton,2,Brookfield,0
2017-10-16,Lafayette County,2,Penney,0
2017-10-16,East Buchanan,2,Lathrop,0
2017-10-16,Lawson,2,North Platte,0
2017-10-16,Mid-Buchanan,2,Plattsburg,0
2017-10-16,Kennett,1,Fredericktown,2
2017-10-16,Notre Dame (Cape Girardeau),2,Doniphan,0
2017-10-16,Perryville,2,Central (New Madrid County),0
2017-10-16,Central (Park Hills),2,Windsor (Imperial),0
2017-10-16,Festus,2,North County,0
2017-10-16,Herculaneum,2,Potosi,0
2017-10-16,Pacific,0,Bishop DuBourg,2
2017-10-16,Affton,2,Bayless,0
2017-10-16,Lift for Life Academy Charter,2,Roosevelt,1
2017-10-16,Miller Career Academy,2,Confluence Prep Academy Charter,0
2017-10-16,Soldan International Studies,2,Waynesville,0
2017-10-16,St. Charles,2,Jennings,0
2017-10-16,Orchard Farm,2,McCluer South-Berkeley,0
2017-10-16,Warrenton,1,Winfield,2
2017-10-16,St. Joseph's Academy,2,St. Charles West,0
2017-10-16,Lutheran St. Charles,2,Wright City,0
2017-10-16,Cuba,2,Union,1
2017-10-16,St. Clair,2,St. James,0
2017-10-16,Owensville,2,Salem,0
2017-10-16,Osage,2,Eldon,0
2017-10-16,Bolivar,2,Buffalo,0
2017-10-16,Springfield Catholic,1,Hollister,2
2017-10-16,Marshfield,2,Ava,0
2017-10-16,Reeds Spring,2,Mountain Grove,0
2017-10-16,Odessa,2,Harrisonville,0
2017-10-16,Oak Grove,2,Clinton,0
2017-10-16,Richmond,2,Northeast (Kansas City),0
2017-10-16,Excelsior Springs,2,Southeast,0
2017-10-16,Sparta,2,East (Kansas City),0
2017-10-16,Chillicothe,2,Cameron,0
2017-10-16,Savannah,1,Lafayette (St. Joseph),2
2017-10-16,Jackson,2,Sikeston,0
2017-10-16,Poplar Bluff,1,Farmington,2
2017-10-16,Sikeston,2,DeSoto,1
2017-10-16,Farmington,2,Central (Cape Girardeau),0
2017-10-16,Washington,2,Rockwood Summit,0
2017-10-16,Eureka,2,Parkway South,0
2017-10-16,McCluer North,2,Hazelwood East,1
2017-10-16,Hazelwood Central,2,Riverview Gardens,0
2017-10-16,Hazelwood West,2,McCluer,0
2017-10-16,Ft. Zumwalt West,2,Ft. Zumwalt East,0
2017-10-16,St. Dominic,2,Ft. Zumwalt North,0
2017-10-16,Francis Howell Central,1,Ft. Zumwalt South,2
2017-10-16,Hannibal,2,Battle,0
2017-10-16,Liberty (Wentzville),2,Troy Buchanan,0
2017-10-16,Rock Bridge,1,Hickman,2
2017-10-16,Jefferson City,2,Savannah,0
2017-10-16,Camdenton,0,Central (Springfield),2
2017-10-16,Lebanon,2,Waynesville,0
2017-10-16,Rolla,2,Hillcrest,0
2017-10-16,West Plains,0,Branson,2
2017-10-16,Kickapoo,2,Parkview,0
2017-10-16,Nixa,2,Glendale,0
2017-10-16,Republic,2,Webb City,0
2017-10-16,Carl Junction,2,McDonald County,0
2017-10-16,Joplin,2,Neosho,0
2017-10-16,Notre Dame de Sion,2,Belton,0
2017-10-16,Lee's Summit West,2,Ruskin,0
2017-10-16,Raymore-Peculiar,2,Grandview,0
2017-10-16,Lee's Summit North,2,Raytown,0
2017-10-16,St. Charles,2,Raytown South,0
2017-10-16,Liberty North,2,William Chrisman,1
2017-10-16,Kearney,2,Versailles,0
2017-10-16,Winnetonka,2,Fort Osage,1
2017-10-16,Staley,2,Platte County,0
2017-10-16,Park Hill,2,North Kansas City,0
2017-10-16,Oak Park,2,Central (St. Joseph),0
2017-10-16,Central (Kansas City),0,Southeast,2
2017-10-17,Advance,2,Bernie,0
2017-10-17,Lesterville,2,Leopold,1
2017-10-17,Bismarck,2,Valley,0
2017-10-17,St. Vincent,2,Crystal City,0
2017-10-17,Oak Ridge,2,St. Paul Lutheran (Farmington),0
2017-10-17,Winona,2,Wright City,0
2017-10-17,Winona,2,Eminence,1
2017-10-17,Viburnum,0,Wright City,2
2017-10-17,Fordland,1,Billings,2
2017-10-17,Blue Eye,1,School of the Ozarks,2
2017-10-17,Blue Eye,2,Hurley,0
2017-10-17,School of the Ozarks,2,Galena,0
2017-10-17,Miller,2,McAuley Catholic,0
2017-10-17,Miller,2,Wheaton,0
2017-10-17,McAuley Catholic,2,Pierce City,0
2017-10-17,Liberal,0,Lockwood,2
2017-10-17,Liberal,2,Golden City,0
2017-10-17,Jasper,0,Lockwood,2
2017-10-17,Osceola,2,Rich Hill,0
2017-10-17,Osceola,2,Hume,0
2017-10-17,Green Ridge,2,Smithton,0
2017-10-17,Green Ridge,2,Willard,0
2017-10-17,Lincoln,1,Smithton,2
2017-10-17,New Haven,2,Chamois,0
2017-10-17,Calvary Lutheran,2,Sarcoxie,0
2017-10-17,Chamois,2,Missouri School for the Deaf,0
2017-10-17,St. Clair,2,Portageville,1
2017-10-17,Malden,2,Summersville,0
2017-10-17,Bloomfield,2,Woodland,0
2017-10-17,Bloomfield,2,Clearwater,0
2017-10-17,Woodland,2,Seneca,0
2017-10-17,Collegiate School of Med-Bio Science,2,West Plains,0
2017-10-17,Crossroads College Preparatory,2,Transportation and Law,0
2017-10-17,Trinity Catholic,2,North Technical,0
2017-10-17,Whitfield,2,Maplewood-Richmond Hts.,0
2017-10-17,Whitfield,2,Principia,0
2017-10-17,Brentwood,0,Maplewood-Richmond Hts.,2
2017-10-17,Hermann,2,Centralia,0
2017-10-17,Hermann,2,Montgomery County,0
2017-10-17,Hallsville,0,Centralia,2
2017-10-17,Fatima,2,Eugene,0
2017-10-17,Fatima,2,Linn,0
2017-10-17,Eugene,2,Warsaw,1
2017-10-17,Willow Springs,2,Cabool,1
2017-10-17,Clever,2,Crane,0
2017-10-17,Clever,2,Marionville,0
2017-10-17,Crane,2,Spokane,1
2017-10-17,Sarcoxie,2,Lamar,0
2017-10-17,Sarcoxie,2,Butler,0
2017-10-17,Lamar,2,El Dorado Springs,0
2017-10-17,Winona,2,Fair Grove,1
2017-10-17,Winona,2,Skyline,0
2017-10-17,Fair Grove,2,Ash Grove,0
2017-10-17,Dexter,2,Perryville,0
2017-10-17,Dexter,2,Fredericktown,0
2017-10-17,Notre Dame (Cape Girardeau),0,Perryville,2
2017-10-17,Ste. Genevieve,2,Herculaneum,0
2017-10-17,Ste. Genevieve,2,Central (Park Hills),0
2017-10-17,Festus,0,Herculaneum,2
2017-10-17,Springfield Catholic,2,Miller Career Academy,0
2017-10-17,Springfield Catholic,2,Lift for Life Academy Charter,0
2017-10-17,Miller Career Academy,2,Soldan International Studies,1
2017-10-17,MICDS,2,University City,0
2017-10-17,Visitation Academy,2,Normandy Collaborative,0
2017-10-17,John Burroughs,2,Clayton,0
2017-10-17,Veritas Christian Academy,0,St. Joseph's Academy,2
2017-10-17,Veritas Christian Academy,2,Winfield,0
2017-10-17,St. Joseph's Academy,2,Lutheran St. Charles,0
2017-10-17,Fulton,1,Southern Boone,2
2017-10-17,Kirksville,2,Marshall,1
2017-10-17,Boonville,2,Mexico,0
2017-10-17,Webb City,2,Owensville,0
2017-10-17,Webb City,2,Cuba,0
2017-10-17,St. Clair,1,Owensville,2
2017-10-17,Helias Catholic,2,Blair Oaks,0
2017-10-17,Helias Catholic,2,Osage,0
2017-10-17,Blair Oaks,2,Bolivar,0
2017-10-17,Logan-Rogersville,2,Marshfield,0
2017-10-17,Logan-Rogersville,2,Hollister,0
2017-10-17,Marshfield,2,Reeds Spring,0
2017-10-17,Seneca,0,Cassville,2
2017-10-17,Mt. Vernon,2,Monett,0
2017-10-17,Nevada,2,East Newton,1
2017-10-17,Hogan Prep Academy Charter,0,Center,2
2017-10-17,Lincoln College Prep,2,Guadalupe Centers Charter,0
2017-10-17,Cristo Rey,2,Central (Kansas City),0
2017-10-17,Maryville,2,Chillicothe,0
2017-10-17,Benton,2,Lafayette (St. Joseph),1
2017-10-17,Oakville,2,Lindbergh,0
2017-10-17,Mehlville,2,Seckman,0
2017-10-17,Hillsboro,2,Fox,1
2017-10-17,Lafayette (Wildwood),2,Eureka,0
2017-10-17,Lafayette (Wildwood),2,Washington,0
2017-10-17,Northwest (Cedar Hill),0,Eureka,2
2017-10-17,Kirkwood,2,Ursuline Academy,0
2017-10-17,Nerinx Hall,2,Gateway,0
2017-10-17,Webster Groves,2,Ladue Horton Watkins,0
2017-10-17,Francis Howell North,2,Westminster Christian Academy,0
2017-10-17,Marquette,2,Parkway North,0
2017-10-17,Parkway Central,2,Pattonville,0
2017-10-17,Francis Howell,2,Ft. Zumwalt West,0
2017-10-17,St. Dominic,2,Ft. Zumwalt South,0
2017-10-17,Timberland,2,Hannibal,0
2017-10-17,Holt,2,Liberty (Wentzville),0
2017-10-17,Willard,2,Lebanon,0
2017-10-17,Willard,2,Central (Springfield),1
2017-10-17,Lebanon,2,Rolla,1
2017-10-17,Lee's Summit,2,Notre Dame de Sion,0
2017-10-17,Lee's Summit West,2,Raymore-Peculiar,1
2017-10-17,St. Teresa's Academy,2,Lee's Summit North,0
2017-10-17,Blue Springs,1,St. Charles,2
2017-10-17,Liberty,2,Liberty North,0
2017-10-17,Kearney,2,Winnetonka,0
2017-10-18,Valle Catholic,2,St. Vincent,0
2017-10-18,Valle Catholic,2,Bismarck,0
2017-10-18,St. Vincent,2,Oak Ridge,0
2017-10-18,New Haven,2,Calvary Lutheran,1
2017-10-18,Midway,2,Drexel,0
2017-10-18,Midway,2,Archie,0
2017-10-18,Drexel,2,Kingsville,0
2017-10-18,Santa Fe,2,Sacred Heart,0
2017-10-18,Santa Fe,2,Crest Ridge,0
2017-10-18,Northland Christian,2,Wellington-Napoleon,0
2017-10-18,Northland Christian,2,Orrick,0
2017-10-18,Lone Jack,0,Wellington-Napoleon,2
2017-10-18,St. Clair,0,Malden,2
2017-10-18,St. Pius X (Festus),2,Saxony Lutheran,0
2017-10-18,St. Pius X (Festus),2,Jefferson (Festus),0
2017-10-18,Arcadia Valley,0,Saxony Lutheran,2
2017-10-18,Metro,2,Hancock,0
2017-10-18,Metro,2,McKinley Classical Leadership,0
2017-10-18,Hancock,2,Cardinal Ritter,0
2017-10-18,Windsor,0,Holden,2
2017-10-18,Cole Camp,0,Holden,2
2017-10-18,Versailles,0,Windsor,2
2017-10-18,Summit Christian Academy,1,St. Michael the Archangel,2
2017-10-18,Adrian,0,St. Michael the Archangel,2
2017-10-18,Summit Christian Academy,2,Barstow,0
2017-10-18,Lexington,2,Lafayette County,0
2017-10-18,Lexington,2,St. Paul Lutheran (Concordia),0
2017-10-18,Trenton,0,Lafayette County,2
2017-10-18,Bishop LeBlond,2,Mid-Buchanan,0
2017-10-18,Bishop LeBlond,2,East Buchanan,0
2017-10-18,Lawson,0,Mid-Buchanan,2
2017-10-18,Lutheran South,2,Notre Dame (St. Louis),0
2017-10-18,Lutheran South,2,Bishop DuBourg,0
2017-10-18,Notre Dame (St. Louis),2,Affton,0
2017-10-18,Villa Duchesne,2,Visitation Academy,0
2017-10-18,Villa Duchesne,2,MICDS,0
2017-10-18,Visitation Academy,2,John Burroughs,1
2017-10-18,Incarnate Word Academy,2,Duchesne,0
2017-10-18,Incarnate Word Academy,2,St. Charles,0
2017-10-18,Duchesne,2,Orchard Farm,0
2017-10-18,California,2,Kirksville,0
2017-10-18,California,2,Southern Boone,0
2017-10-18,Kirksville,2,Boonville,1
2017-10-18,Aurora,2,Mt. Vernon,0
2017-10-18,Aurora,2,Cassville,0
2017-10-18,Mt. Vernon,2,Nevada,0
2017-10-18,Pleasant Hill,2,Warrensburg,0
2017-10-18,Pleasant Hill,2,Odessa,0
2017-10-18,Warrensburg,2,Oak Grove,1
2017-10-18,Pembroke Hill,2,Center,0
2017-10-18,Lincoln College Prep,2,Cristo Rey,0
2017-10-18,St. Pius X (Kansas City),2,Excelsior Springs,0
2017-10-18,St. Pius X (Kansas City),2,Richmond,0
2017-10-18,Excelsior Springs,2,Sparta,0
2017-10-18,Jackson,1,Farmington,2
2017-10-18,Cor Jesu Academy,2,Mehlville,0
2017-10-18,Cor Jesu Academy,2,Oakville,0
2017-10-18,Mehlville,2,Hillsboro,0
2017-10-18,St. Joseph's Academy,2,Kirkwood,0
2017-10-18,Nerinx Hall,2,Webster Groves,0
2017-10-18,Ritenour,2,Hazelwood West,0
2017-10-18,Ritenour,2,McCluer North,0
2017-10-18,Hazelwood Central,1,Hazelwood West,2
2017-10-18,Francis Howell,1,St. Dominic,2
2017-10-18,Timberland,2,Holt,0
2017-10-18,Blue Springs South,1,Jefferson City,2
2017-10-18,Blue Springs South,2,Hickman,1
2017-10-18,Grain Valley,1,Jefferson City,2
2017-10-18,Ozark,2,Kickapoo,1
2017-10-18,Ozark,2,Branson,0
2017-10-18,Kickapoo,2,Nixa,0
2017-10-18,Carthage,0,Carl Junction,2
2017-10-18,Carthage,2,Republic,0
2017-10-18,Carl Junction,2,Joplin,0
2017-10-18,Lee's Summit,1,Lee's Summit West,2
2017-10-18,St. Teresa's Academy,2,St. Charles,0
2017-10-18,Liberty,2,Kearney,0
2017-10-18,Park Hill South,2,Park Hill,0
2017-10-18,Park Hill South,2,Staley,1
2017-10-18,Park Hill,2,Oak Park,0
2017-10-19,Lutheran North,2,Trinity Catholic,0
2017-10-19,Lutheran North,2,Collegiate School of Med-Bio Science,0
2017-10-19,Crossroads College Preparatory,0,Trinity Catholic,2
2017-10-19,Pembroke Hill,2,Lincoln College Prep,0
2017-10-19,Maryville,1,Benton,2
2017-10-19,St. Joseph's Academy,2,Nerinx Hall,0
2017-10-19,Parkway West,2,Parkway Central,1
2017-10-19,Parkway West,2,Francis Howell North,0
2017-10-19,Marquette,1,Parkway Central,2
2017-10-21,Lesterville,0,Valle Catholic,2
2017-10-21,Lockwood,0,New Haven,2
2017-10-21,Northland Christian,2,Santa Fe,0
2017-10-21,Winona,2,Miller,1
2017-10-21,Advance,0,Valle Catholic,2
2017-10-21,Osceola,0,New Haven,2
2017-10-21,Green Ridge,1,Lockwood,2
2017-10-21,Northland Christian,2,Midway,0
2017-10-21,Billings,1,Miller,2
2017-10-21,School of the Ozarks,0,Winona,2
2017-10-21,St. Pius X (Festus),2,Bloomfield,0
2017-10-21,Sarcoxie,0,Winona,2
2017-10-21,Lexington,0,St. Michael the Archangel,2
2017-10-21,Hermann,2,Fatima,0
2017-10-21,Bloomfield,2,Metro,0
2017-10-21,St. Pius X (Festus),2,Malden,0
2017-10-21,Clever,0,Winona,2
2017-10-21,Sarcoxie,2,Willow Springs,1
2017-10-21,St. Michael the Archangel,2,Bishop LeBlond,0
2017-10-21,Lexington,2,Holden,0
2017-10-21,Whitfield,1,Fatima,2
2017-10-21,Hermann,2,Lutheran North,0
2017-10-21,Lutheran South,2,Ste. Genevieve,0
2017-10-21,Logan-Rogersville,1,Helias Catholic,2
2017-10-21,Pleasant Hill,2,Benton,0
2017-10-21,St. Joseph's Academy,1,Incarnate Word Academy,2
2017-10-21,Ste. Genevieve,2,Springfield Catholic,0
2017-10-21,Lutheran South,2,Dexter,1
2017-10-21,Helias Catholic,2,Aurora,0
2017-10-21,Logan-Rogersville,2,Webb City,0
2017-10-21,Pembroke Hill,1,Benton,2
2017-10-21,Pleasant Hill,2,St. Pius X (Kansas City),0
2017-10-21,Incarnate Word Academy,2,California,0
2017-10-21,St. Joseph's Academy,2,Villa Duchesne,1
2017-10-21,Lafayette (Wildwood),0,St. Joseph's Academy,2
2017-10-21,Ozark,2,Willard,0
2017-10-21,Liberty,0,St. Teresa's Academy,2
2017-10-21,St. Dominic,2,Timberland,0
2017-10-21,Cor Jesu Academy,1,St. Joseph's Academy,2
2017-10-21,Lafayette (Wildwood),2,Farmington,0
2017-10-21,Willard,2,Carl Junction,1
2017-10-21,Ozark,2,Jefferson City,0
2017-10-21,St. Teresa's Academy,2,Park Hill South,1
2017-10-21,Liberty,2,Lee's Summit West,0
2017-10-21,Parkway West,0,Timberland,2
2017-10-21,St. Dominic,2,Ritenour,0
2017-10-24,Malden,2,Caruthersville,0
2017-10-25,Summersville,0,Malden,2
2017-10-26,Campbell,0,Malden,2
2017-10-28,New Haven,0,Northland Christian,2
2017-10-28,Winona,0,Valle Catholic,2
2017-10-28,Winona,1,St. Pius X (Festus),2
2017-10-28,St. Michael the Archangel,0,Hermann,2
2017-10-28,Lutheran South,1,Helias Catholic,2
2017-10-28,Incarnate Word Academy,0,Pleasant Hill,2
2017-10-28,Ozark,0,St. Joseph's Academy,2
2017-10-28,St. Dominic,1,St. Teresa's Academy,2
